INSERT INTO Cinema VALUES ('Kinopark 7 IMAX Keruen', 7, NULL, 0.36);
INSERT INTO Cinema VALUES ('Chaplin Khan Shatyr', 9, NULL, 4.71);
INSERT INTO Cinema VALUES ('Арман (Азия Парк) 3D', 7, NULL, 2.22);
INSERT INTO Cinema VALUES ('Kinopark 8 IMAX Saryarka', 6, NULL, 3.29);
INSERT INTO Cinema VALUES ('Chaplin MEGA Silk Way', 12, NULL, 1.28);
INSERT INTO Cinema VALUES ('Арсенал', 8, NULL, 0.15);
INSERT INTO Cinema VALUES ('Евразия Cinema7', 8, NULL, 1.67);
INSERT INTO Cinema VALUES ('Kinopark 6 Keruencity Astana', 5, NULL, 1.99);


INSERT INTO Film VALUES ('Сумашедшее желание', '26-06-2018 1:35:00', 1.36, 'ужасы', 0);
INSERT INTO Film VALUES ('Неуловимое знание', '26-06-2018 1:53:00', 1.92, 'ужасы', 0);
INSERT INTO Film VALUES ('Героическое расследование', '26-06-2018 1:51:00', 4.65, 'фантастика', 18);
INSERT INTO Film VALUES ('Забытое письмо', '26-06-2018 2:43:00', 2.83, 'фантастика', 18);
INSERT INTO Film VALUES ('Немыслимое письмо', '26-06-2018 1:34:00', 4.51, 'комедия', 3);
INSERT INTO Film VALUES ('Сумашедшее расследование', '26-06-2018 2:1:00', 4.62, 'приключение', 3);
INSERT INTO Film VALUES ('Невообразимое измерение', '26-06-2018 2:2:00', 1.72, 'фантастика', 0);
INSERT INTO Film VALUES ('Сумашедшее знание', '26-06-2018 1:38:00', 3.66, 'комедия', 0);
INSERT INTO Film VALUES ('Невообразимое событие', '26-06-2018 1:8:00', 3.17, 'комедия', 3);
INSERT INTO Film VALUES ('Сумашедшее ранение', '26-06-2018 1:37:00', 2.73, 'ужасы', 18);

INSERT INTO Room VALUES ('Kinopark 7 IMAX Keruen', 1, 64);
INSERT INTO Room VALUES ('Kinopark 7 IMAX Keruen', 2, 36);
INSERT INTO Room VALUES ('Kinopark 7 IMAX Keruen', 3, 49);
INSERT INTO Room VALUES ('Kinopark 7 IMAX Keruen', 4, 25);
INSERT INTO Room VALUES ('Kinopark 7 IMAX Keruen', 5, 36);
INSERT INTO Room VALUES ('Kinopark 7 IMAX Keruen', 6, 64);
INSERT INTO Room VALUES ('Kinopark 7 IMAX Keruen', 7, 64);
INSERT INTO Room VALUES ('Chaplin Khan Shatyr', 1, 49);
INSERT INTO Room VALUES ('Chaplin Khan Shatyr', 2, 64);
INSERT INTO Room VALUES ('Chaplin Khan Shatyr', 3, 25);
INSERT INTO Room VALUES ('Chaplin Khan Shatyr', 4, 25);
INSERT INTO Room VALUES ('Chaplin Khan Shatyr', 5, 64);
INSERT INTO Room VALUES ('Chaplin Khan Shatyr', 6, 25);
INSERT INTO Room VALUES ('Chaplin Khan Shatyr', 7, 64);
INSERT INTO Room VALUES ('Chaplin Khan Shatyr', 8, 49);
INSERT INTO Room VALUES ('Chaplin Khan Shatyr', 9, 36);
INSERT INTO Room VALUES ('Арман (Азия Парк) 3D', 1, 36);
INSERT INTO Room VALUES ('Арман (Азия Парк) 3D', 2, 64);
INSERT INTO Room VALUES ('Арман (Азия Парк) 3D', 3, 36);
INSERT INTO Room VALUES ('Арман (Азия Парк) 3D', 4, 49);
INSERT INTO Room VALUES ('Арман (Азия Парк) 3D', 5, 25);
INSERT INTO Room VALUES ('Арман (Азия Парк) 3D', 6, 25);
INSERT INTO Room VALUES ('Арман (Азия Парк) 3D', 7, 16);
INSERT INTO Room VALUES ('Kinopark 8 IMAX Saryarka', 1, 25);
INSERT INTO Room VALUES ('Kinopark 8 IMAX Saryarka', 2, 64);
INSERT INTO Room VALUES ('Kinopark 8 IMAX Saryarka', 3, 64);
INSERT INTO Room VALUES ('Kinopark 8 IMAX Saryarka', 4, 49);
INSERT INTO Room VALUES ('Kinopark 8 IMAX Saryarka', 5, 16);
INSERT INTO Room VALUES ('Kinopark 8 IMAX Saryarka', 6, 64);
INSERT INTO Room VALUES ('Chaplin MEGA Silk Way', 1, 64);
INSERT INTO Room VALUES ('Chaplin MEGA Silk Way', 2, 49);
INSERT INTO Room VALUES ('Chaplin MEGA Silk Way', 3, 25);
INSERT INTO Room VALUES ('Chaplin MEGA Silk Way', 4, 25);
INSERT INTO Room VALUES ('Chaplin MEGA Silk Way', 5, 36);
INSERT INTO Room VALUES ('Chaplin MEGA Silk Way', 6, 64);
INSERT INTO Room VALUES ('Chaplin MEGA Silk Way', 7, 36);
INSERT INTO Room VALUES ('Chaplin MEGA Silk Way', 8, 16);
INSERT INTO Room VALUES ('Chaplin MEGA Silk Way', 9, 49);
INSERT INTO Room VALUES ('Chaplin MEGA Silk Way', 10, 49);
INSERT INTO Room VALUES ('Chaplin MEGA Silk Way', 11, 16);
INSERT INTO Room VALUES ('Chaplin MEGA Silk Way', 12, 64);
INSERT INTO Room VALUES ('Арсенал', 1, 64);
INSERT INTO Room VALUES ('Арсенал', 2, 49);
INSERT INTO Room VALUES ('Арсенал', 3, 49);
INSERT INTO Room VALUES ('Арсенал', 4, 64);
INSERT INTO Room VALUES ('Арсенал', 5, 64);
INSERT INTO Room VALUES ('Арсенал', 6, 16);
INSERT INTO Room VALUES ('Арсенал', 7, 49);
INSERT INTO Room VALUES ('Арсенал', 8, 49);
INSERT INTO Room VALUES ('Евразия Cinema7', 1, 25);
INSERT INTO Room VALUES ('Евразия Cinema7', 2, 16);
INSERT INTO Room VALUES ('Евразия Cinema7', 3, 64);
INSERT INTO Room VALUES ('Евразия Cinema7', 4, 25);
INSERT INTO Room VALUES ('Евразия Cinema7', 5, 49);
INSERT INTO Room VALUES ('Евразия Cinema7', 6, 49);
INSERT INTO Room VALUES ('Евразия Cinema7', 7, 16);
INSERT INTO Room VALUES ('Евразия Cinema7', 8, 16);
INSERT INTO Room VALUES ('Kinopark 6 Keruencity Astana', 1, 64);
INSERT INTO Room VALUES ('Kinopark 6 Keruencity Astana', 2, 36);
INSERT INTO Room VALUES ('Kinopark 6 Keruencity Astana', 3, 25);
INSERT INTO Room VALUES ('Kinopark 6 Keruencity Astana', 4, 64);
INSERT INTO Room VALUES ('Kinopark 6 Keruencity Astana', 5, 49);

INSERT INTO Place VALUES (1, 1, 'Kinopark 7 IMAX Keruen', SYSTEM.GetRowNumber(1, 1, 'Kinopark 7 IMAX Keruen'), SYSTEM.GetColumnNumber(1, 1, 'Kinopark 7 IMAX Keruen'));
INSERT INTO Place VALUES (2, 1, 'Kinopark 7 IMAX Keruen', SYSTEM.GetRowNumber(2, 1, 'Kinopark 7 IMAX Keruen'), SYSTEM.GetColumnNumber(2, 1, 'Kinopark 7 IMAX Keruen'));
INSERT INTO Place VALUES (3, 1, 'Kinopark 7 IMAX Keruen', SYSTEM.GetRowNumber(3, 1, 'Kinopark 7 IMAX Keruen'), SYSTEM.GetColumnNumber(3, 1, 'Kinopark 7 IMAX Keruen'));
INSERT INTO Place VALUES (4, 1, 'Kinopark 7 IMAX Keruen', SYSTEM.GetRowNumber(4, 1, 'Kinopark 7 IMAX Keruen'), SYSTEM.GetColumnNumber(4, 1, 'Kinopark 7 IMAX Keruen'));
INSERT INTO Place VALUES (5, 1, 'Kinopark 7 IMAX Keruen', SYSTEM.GetRowNumber(5, 1, 'Kinopark 7 IMAX Keruen'), SYSTEM.GetColumnNumber(5, 1, 'Kinopark 7 IMAX Keruen'));
INSERT INTO Place VALUES (6, 1, 'Kinopark 7 IMAX Keruen', SYSTEM.GetRowNumber(6, 1, 'Kinopark 7 IMAX Keruen'), SYSTEM.GetColumnNumber(6, 1, 'Kinopark 7 IMAX Keruen'));
INSERT INTO Place VALUES (7, 1, 'Kinopark 7 IMAX Keruen', SYSTEM.GetRowNumber(7, 1, 'Kinopark 7 IMAX Keruen'), SYSTEM.GetColumnNumber(7, 1, 'Kinopark 7 IMAX Keruen'));
INSERT INTO Place VALUES (8, 1, 'Kinopark 7 IMAX Keruen', SYSTEM.GetRowNumber(8, 1, 'Kinopark 7 IMAX Keruen'), SYSTEM.GetColumnNumber(8, 1, 'Kinopark 7 IMAX Keruen'));
INSERT INTO Place VALUES (9, 1, 'Kinopark 7 IMAX Keruen', SYSTEM.GetRowNumber(9, 1, 'Kinopark 7 IMAX Keruen'), SYSTEM.GetColumnNumber(9, 1, 'Kinopark 7 IMAX Keruen'));
INSERT INTO Place VALUES (10, 1, 'Kinopark 7 IMAX Keruen', SYSTEM.GetRowNumber(10, 1, 'Kinopark 7 IMAX Keruen'), SYSTEM.GetColumnNumber(10, 1, 'Kinopark 7 IMAX Keruen'));
INSERT INTO Place VALUES (11, 1, 'Kinopark 7 IMAX Keruen', SYSTEM.GetRowNumber(11, 1, 'Kinopark 7 IMAX Keruen'), SYSTEM.GetColumnNumber(11, 1, 'Kinopark 7 IMAX Keruen'));
INSERT INTO Place VALUES (12, 1, 'Kinopark 7 IMAX Keruen', SYSTEM.GetRowNumber(12, 1, 'Kinopark 7 IMAX Keruen'), SYSTEM.GetColumnNumber(12, 1, 'Kinopark 7 IMAX Keruen'));
INSERT INTO Place VALUES (13, 1, 'Kinopark 7 IMAX Keruen', SYSTEM.GetRowNumber(13, 1, 'Kinopark 7 IMAX Keruen'), SYSTEM.GetColumnNumber(13, 1, 'Kinopark 7 IMAX Keruen'));
INSERT INTO Place VALUES (14, 1, 'Kinopark 7 IMAX Keruen', SYSTEM.GetRowNumber(14, 1, 'Kinopark 7 IMAX Keruen'), SYSTEM.GetColumnNumber(14, 1, 'Kinopark 7 IMAX Keruen'));
INSERT INTO Place VALUES (15, 1, 'Kinopark 7 IMAX Keruen', SYSTEM.GetRowNumber(15, 1, 'Kinopark 7 IMAX Keruen'), SYSTEM.GetColumnNumber(15, 1, 'Kinopark 7 IMAX Keruen'));
INSERT INTO Place VALUES (16, 1, 'Kinopark 7 IMAX Keruen', SYSTEM.GetRowNumber(16, 1, 'Kinopark 7 IMAX Keruen'), SYSTEM.GetColumnNumber(16, 1, 'Kinopark 7 IMAX Keruen'));
INSERT INTO Place VALUES (17, 1, 'Kinopark 7 IMAX Keruen', SYSTEM.GetRowNumber(17, 1, 'Kinopark 7 IMAX Keruen'), SYSTEM.GetColumnNumber(17, 1, 'Kinopark 7 IMAX Keruen'));
INSERT INTO Place VALUES (18, 1, 'Kinopark 7 IMAX Keruen', SYSTEM.GetRowNumber(18, 1, 'Kinopark 7 IMAX Keruen'), SYSTEM.GetColumnNumber(18, 1, 'Kinopark 7 IMAX Keruen'));
INSERT INTO Place VALUES (19, 1, 'Kinopark 7 IMAX Keruen', SYSTEM.GetRowNumber(19, 1, 'Kinopark 7 IMAX Keruen'), SYSTEM.GetColumnNumber(19, 1, 'Kinopark 7 IMAX Keruen'));
INSERT INTO Place VALUES (20, 1, 'Kinopark 7 IMAX Keruen', SYSTEM.GetRowNumber(20, 1, 'Kinopark 7 IMAX Keruen'), SYSTEM.GetColumnNumber(20, 1, 'Kinopark 7 IMAX Keruen'));
INSERT INTO Place VALUES (21, 1, 'Kinopark 7 IMAX Keruen', SYSTEM.GetRowNumber(21, 1, 'Kinopark 7 IMAX Keruen'), SYSTEM.GetColumnNumber(21, 1, 'Kinopark 7 IMAX Keruen'));
INSERT INTO Place VALUES (22, 1, 'Kinopark 7 IMAX Keruen', SYSTEM.GetRowNumber(22, 1, 'Kinopark 7 IMAX Keruen'), SYSTEM.GetColumnNumber(22, 1, 'Kinopark 7 IMAX Keruen'));
INSERT INTO Place VALUES (23, 1, 'Kinopark 7 IMAX Keruen', SYSTEM.GetRowNumber(23, 1, 'Kinopark 7 IMAX Keruen'), SYSTEM.GetColumnNumber(23, 1, 'Kinopark 7 IMAX Keruen'));
INSERT INTO Place VALUES (24, 1, 'Kinopark 7 IMAX Keruen', SYSTEM.GetRowNumber(24, 1, 'Kinopark 7 IMAX Keruen'), SYSTEM.GetColumnNumber(24, 1, 'Kinopark 7 IMAX Keruen'));
INSERT INTO Place VALUES (25, 1, 'Kinopark 7 IMAX Keruen', SYSTEM.GetRowNumber(25, 1, 'Kinopark 7 IMAX Keruen'), SYSTEM.GetColumnNumber(25, 1, 'Kinopark 7 IMAX Keruen'));
INSERT INTO Place VALUES (26, 1, 'Kinopark 7 IMAX Keruen', SYSTEM.GetRowNumber(26, 1, 'Kinopark 7 IMAX Keruen'), SYSTEM.GetColumnNumber(26, 1, 'Kinopark 7 IMAX Keruen'));
INSERT INTO Place VALUES (27, 1, 'Kinopark 7 IMAX Keruen', SYSTEM.GetRowNumber(27, 1, 'Kinopark 7 IMAX Keruen'), SYSTEM.GetColumnNumber(27, 1, 'Kinopark 7 IMAX Keruen'));
INSERT INTO Place VALUES (28, 1, 'Kinopark 7 IMAX Keruen', SYSTEM.GetRowNumber(28, 1, 'Kinopark 7 IMAX Keruen'), SYSTEM.GetColumnNumber(28, 1, 'Kinopark 7 IMAX Keruen'));
INSERT INTO Place VALUES (29, 1, 'Kinopark 7 IMAX Keruen', SYSTEM.GetRowNumber(29, 1, 'Kinopark 7 IMAX Keruen'), SYSTEM.GetColumnNumber(29, 1, 'Kinopark 7 IMAX Keruen'));
INSERT INTO Place VALUES (30, 1, 'Kinopark 7 IMAX Keruen', SYSTEM.GetRowNumber(30, 1, 'Kinopark 7 IMAX Keruen'), SYSTEM.GetColumnNumber(30, 1, 'Kinopark 7 IMAX Keruen'));
INSERT INTO Place VALUES (31, 1, 'Kinopark 7 IMAX Keruen', SYSTEM.GetRowNumber(31, 1, 'Kinopark 7 IMAX Keruen'), SYSTEM.GetColumnNumber(31, 1, 'Kinopark 7 IMAX Keruen'));
INSERT INTO Place VALUES (32, 1, 'Kinopark 7 IMAX Keruen', SYSTEM.GetRowNumber(32, 1, 'Kinopark 7 IMAX Keruen'), SYSTEM.GetColumnNumber(32, 1, 'Kinopark 7 IMAX Keruen'));
INSERT INTO Place VALUES (33, 1, 'Kinopark 7 IMAX Keruen', SYSTEM.GetRowNumber(33, 1, 'Kinopark 7 IMAX Keruen'), SYSTEM.GetColumnNumber(33, 1, 'Kinopark 7 IMAX Keruen'));
INSERT INTO Place VALUES (34, 1, 'Kinopark 7 IMAX Keruen', SYSTEM.GetRowNumber(34, 1, 'Kinopark 7 IMAX Keruen'), SYSTEM.GetColumnNumber(34, 1, 'Kinopark 7 IMAX Keruen'));
INSERT INTO Place VALUES (35, 1, 'Kinopark 7 IMAX Keruen', SYSTEM.GetRowNumber(35, 1, 'Kinopark 7 IMAX Keruen'), SYSTEM.GetColumnNumber(35, 1, 'Kinopark 7 IMAX Keruen'));
INSERT INTO Place VALUES (36, 1, 'Kinopark 7 IMAX Keruen', SYSTEM.GetRowNumber(36, 1, 'Kinopark 7 IMAX Keruen'), SYSTEM.GetColumnNumber(36, 1, 'Kinopark 7 IMAX Keruen'));
INSERT INTO Place VALUES (37, 1, 'Kinopark 7 IMAX Keruen', SYSTEM.GetRowNumber(37, 1, 'Kinopark 7 IMAX Keruen'), SYSTEM.GetColumnNumber(37, 1, 'Kinopark 7 IMAX Keruen'));
INSERT INTO Place VALUES (38, 1, 'Kinopark 7 IMAX Keruen', SYSTEM.GetRowNumber(38, 1, 'Kinopark 7 IMAX Keruen'), SYSTEM.GetColumnNumber(38, 1, 'Kinopark 7 IMAX Keruen'));
INSERT INTO Place VALUES (39, 1, 'Kinopark 7 IMAX Keruen', SYSTEM.GetRowNumber(39, 1, 'Kinopark 7 IMAX Keruen'), SYSTEM.GetColumnNumber(39, 1, 'Kinopark 7 IMAX Keruen'));
INSERT INTO Place VALUES (40, 1, 'Kinopark 7 IMAX Keruen', SYSTEM.GetRowNumber(40, 1, 'Kinopark 7 IMAX Keruen'), SYSTEM.GetColumnNumber(40, 1, 'Kinopark 7 IMAX Keruen'));
INSERT INTO Place VALUES (41, 1, 'Kinopark 7 IMAX Keruen', SYSTEM.GetRowNumber(41, 1, 'Kinopark 7 IMAX Keruen'), SYSTEM.GetColumnNumber(41, 1, 'Kinopark 7 IMAX Keruen'));
INSERT INTO Place VALUES (42, 1, 'Kinopark 7 IMAX Keruen', SYSTEM.GetRowNumber(42, 1, 'Kinopark 7 IMAX Keruen'), SYSTEM.GetColumnNumber(42, 1, 'Kinopark 7 IMAX Keruen'));
INSERT INTO Place VALUES (43, 1, 'Kinopark 7 IMAX Keruen', SYSTEM.GetRowNumber(43, 1, 'Kinopark 7 IMAX Keruen'), SYSTEM.GetColumnNumber(43, 1, 'Kinopark 7 IMAX Keruen'));
INSERT INTO Place VALUES (44, 1, 'Kinopark 7 IMAX Keruen', SYSTEM.GetRowNumber(44, 1, 'Kinopark 7 IMAX Keruen'), SYSTEM.GetColumnNumber(44, 1, 'Kinopark 7 IMAX Keruen'));
INSERT INTO Place VALUES (45, 1, 'Kinopark 7 IMAX Keruen', SYSTEM.GetRowNumber(45, 1, 'Kinopark 7 IMAX Keruen'), SYSTEM.GetColumnNumber(45, 1, 'Kinopark 7 IMAX Keruen'));
INSERT INTO Place VALUES (46, 1, 'Kinopark 7 IMAX Keruen', SYSTEM.GetRowNumber(46, 1, 'Kinopark 7 IMAX Keruen'), SYSTEM.GetColumnNumber(46, 1, 'Kinopark 7 IMAX Keruen'));
INSERT INTO Place VALUES (47, 1, 'Kinopark 7 IMAX Keruen', SYSTEM.GetRowNumber(47, 1, 'Kinopark 7 IMAX Keruen'), SYSTEM.GetColumnNumber(47, 1, 'Kinopark 7 IMAX Keruen'));
INSERT INTO Place VALUES (48, 1, 'Kinopark 7 IMAX Keruen', SYSTEM.GetRowNumber(48, 1, 'Kinopark 7 IMAX Keruen'), SYSTEM.GetColumnNumber(48, 1, 'Kinopark 7 IMAX Keruen'));
INSERT INTO Place VALUES (49, 1, 'Kinopark 7 IMAX Keruen', SYSTEM.GetRowNumber(49, 1, 'Kinopark 7 IMAX Keruen'), SYSTEM.GetColumnNumber(49, 1, 'Kinopark 7 IMAX Keruen'));
INSERT INTO Place VALUES (50, 1, 'Kinopark 7 IMAX Keruen', SYSTEM.GetRowNumber(50, 1, 'Kinopark 7 IMAX Keruen'), SYSTEM.GetColumnNumber(50, 1, 'Kinopark 7 IMAX Keruen'));
INSERT INTO Place VALUES (51, 1, 'Kinopark 7 IMAX Keruen', SYSTEM.GetRowNumber(51, 1, 'Kinopark 7 IMAX Keruen'), SYSTEM.GetColumnNumber(51, 1, 'Kinopark 7 IMAX Keruen'));
INSERT INTO Place VALUES (52, 1, 'Kinopark 7 IMAX Keruen', SYSTEM.GetRowNumber(52, 1, 'Kinopark 7 IMAX Keruen'), SYSTEM.GetColumnNumber(52, 1, 'Kinopark 7 IMAX Keruen'));
INSERT INTO Place VALUES (53, 1, 'Kinopark 7 IMAX Keruen', SYSTEM.GetRowNumber(53, 1, 'Kinopark 7 IMAX Keruen'), SYSTEM.GetColumnNumber(53, 1, 'Kinopark 7 IMAX Keruen'));
INSERT INTO Place VALUES (54, 1, 'Kinopark 7 IMAX Keruen', SYSTEM.GetRowNumber(54, 1, 'Kinopark 7 IMAX Keruen'), SYSTEM.GetColumnNumber(54, 1, 'Kinopark 7 IMAX Keruen'));
INSERT INTO Place VALUES (55, 1, 'Kinopark 7 IMAX Keruen', SYSTEM.GetRowNumber(55, 1, 'Kinopark 7 IMAX Keruen'), SYSTEM.GetColumnNumber(55, 1, 'Kinopark 7 IMAX Keruen'));
INSERT INTO Place VALUES (56, 1, 'Kinopark 7 IMAX Keruen', SYSTEM.GetRowNumber(56, 1, 'Kinopark 7 IMAX Keruen'), SYSTEM.GetColumnNumber(56, 1, 'Kinopark 7 IMAX Keruen'));
INSERT INTO Place VALUES (57, 1, 'Kinopark 7 IMAX Keruen', SYSTEM.GetRowNumber(57, 1, 'Kinopark 7 IMAX Keruen'), SYSTEM.GetColumnNumber(57, 1, 'Kinopark 7 IMAX Keruen'));
INSERT INTO Place VALUES (58, 1, 'Kinopark 7 IMAX Keruen', SYSTEM.GetRowNumber(58, 1, 'Kinopark 7 IMAX Keruen'), SYSTEM.GetColumnNumber(58, 1, 'Kinopark 7 IMAX Keruen'));
INSERT INTO Place VALUES (59, 1, 'Kinopark 7 IMAX Keruen', SYSTEM.GetRowNumber(59, 1, 'Kinopark 7 IMAX Keruen'), SYSTEM.GetColumnNumber(59, 1, 'Kinopark 7 IMAX Keruen'));
INSERT INTO Place VALUES (60, 1, 'Kinopark 7 IMAX Keruen', SYSTEM.GetRowNumber(60, 1, 'Kinopark 7 IMAX Keruen'), SYSTEM.GetColumnNumber(60, 1, 'Kinopark 7 IMAX Keruen'));
INSERT INTO Place VALUES (61, 1, 'Kinopark 7 IMAX Keruen', SYSTEM.GetRowNumber(61, 1, 'Kinopark 7 IMAX Keruen'), SYSTEM.GetColumnNumber(61, 1, 'Kinopark 7 IMAX Keruen'));
INSERT INTO Place VALUES (62, 1, 'Kinopark 7 IMAX Keruen', SYSTEM.GetRowNumber(62, 1, 'Kinopark 7 IMAX Keruen'), SYSTEM.GetColumnNumber(62, 1, 'Kinopark 7 IMAX Keruen'));
INSERT INTO Place VALUES (63, 1, 'Kinopark 7 IMAX Keruen', SYSTEM.GetRowNumber(63, 1, 'Kinopark 7 IMAX Keruen'), SYSTEM.GetColumnNumber(63, 1, 'Kinopark 7 IMAX Keruen'));
INSERT INTO Place VALUES (64, 1, 'Kinopark 7 IMAX Keruen', SYSTEM.GetRowNumber(64, 1, 'Kinopark 7 IMAX Keruen'), SYSTEM.GetColumnNumber(64, 1, 'Kinopark 7 IMAX Keruen'));
INSERT INTO Place VALUES (1, 2, 'Kinopark 7 IMAX Keruen', SYSTEM.GetRowNumber(1, 2, 'Kinopark 7 IMAX Keruen'), SYSTEM.GetColumnNumber(1, 2, 'Kinopark 7 IMAX Keruen'));
INSERT INTO Place VALUES (2, 2, 'Kinopark 7 IMAX Keruen', SYSTEM.GetRowNumber(2, 2, 'Kinopark 7 IMAX Keruen'), SYSTEM.GetColumnNumber(2, 2, 'Kinopark 7 IMAX Keruen'));
INSERT INTO Place VALUES (3, 2, 'Kinopark 7 IMAX Keruen', SYSTEM.GetRowNumber(3, 2, 'Kinopark 7 IMAX Keruen'), SYSTEM.GetColumnNumber(3, 2, 'Kinopark 7 IMAX Keruen'));
INSERT INTO Place VALUES (4, 2, 'Kinopark 7 IMAX Keruen', SYSTEM.GetRowNumber(4, 2, 'Kinopark 7 IMAX Keruen'), SYSTEM.GetColumnNumber(4, 2, 'Kinopark 7 IMAX Keruen'));
INSERT INTO Place VALUES (5, 2, 'Kinopark 7 IMAX Keruen', SYSTEM.GetRowNumber(5, 2, 'Kinopark 7 IMAX Keruen'), SYSTEM.GetColumnNumber(5, 2, 'Kinopark 7 IMAX Keruen'));
INSERT INTO Place VALUES (6, 2, 'Kinopark 7 IMAX Keruen', SYSTEM.GetRowNumber(6, 2, 'Kinopark 7 IMAX Keruen'), SYSTEM.GetColumnNumber(6, 2, 'Kinopark 7 IMAX Keruen'));
INSERT INTO Place VALUES (7, 2, 'Kinopark 7 IMAX Keruen', SYSTEM.GetRowNumber(7, 2, 'Kinopark 7 IMAX Keruen'), SYSTEM.GetColumnNumber(7, 2, 'Kinopark 7 IMAX Keruen'));
INSERT INTO Place VALUES (8, 2, 'Kinopark 7 IMAX Keruen', SYSTEM.GetRowNumber(8, 2, 'Kinopark 7 IMAX Keruen'), SYSTEM.GetColumnNumber(8, 2, 'Kinopark 7 IMAX Keruen'));
INSERT INTO Place VALUES (9, 2, 'Kinopark 7 IMAX Keruen', SYSTEM.GetRowNumber(9, 2, 'Kinopark 7 IMAX Keruen'), SYSTEM.GetColumnNumber(9, 2, 'Kinopark 7 IMAX Keruen'));
INSERT INTO Place VALUES (10, 2, 'Kinopark 7 IMAX Keruen', SYSTEM.GetRowNumber(10, 2, 'Kinopark 7 IMAX Keruen'), SYSTEM.GetColumnNumber(10, 2, 'Kinopark 7 IMAX Keruen'));
INSERT INTO Place VALUES (11, 2, 'Kinopark 7 IMAX Keruen', SYSTEM.GetRowNumber(11, 2, 'Kinopark 7 IMAX Keruen'), SYSTEM.GetColumnNumber(11, 2, 'Kinopark 7 IMAX Keruen'));
INSERT INTO Place VALUES (12, 2, 'Kinopark 7 IMAX Keruen', SYSTEM.GetRowNumber(12, 2, 'Kinopark 7 IMAX Keruen'), SYSTEM.GetColumnNumber(12, 2, 'Kinopark 7 IMAX Keruen'));
INSERT INTO Place VALUES (13, 2, 'Kinopark 7 IMAX Keruen', SYSTEM.GetRowNumber(13, 2, 'Kinopark 7 IMAX Keruen'), SYSTEM.GetColumnNumber(13, 2, 'Kinopark 7 IMAX Keruen'));
INSERT INTO Place VALUES (14, 2, 'Kinopark 7 IMAX Keruen', SYSTEM.GetRowNumber(14, 2, 'Kinopark 7 IMAX Keruen'), SYSTEM.GetColumnNumber(14, 2, 'Kinopark 7 IMAX Keruen'));
INSERT INTO Place VALUES (15, 2, 'Kinopark 7 IMAX Keruen', SYSTEM.GetRowNumber(15, 2, 'Kinopark 7 IMAX Keruen'), SYSTEM.GetColumnNumber(15, 2, 'Kinopark 7 IMAX Keruen'));
INSERT INTO Place VALUES (16, 2, 'Kinopark 7 IMAX Keruen', SYSTEM.GetRowNumber(16, 2, 'Kinopark 7 IMAX Keruen'), SYSTEM.GetColumnNumber(16, 2, 'Kinopark 7 IMAX Keruen'));
INSERT INTO Place VALUES (17, 2, 'Kinopark 7 IMAX Keruen', SYSTEM.GetRowNumber(17, 2, 'Kinopark 7 IMAX Keruen'), SYSTEM.GetColumnNumber(17, 2, 'Kinopark 7 IMAX Keruen'));
INSERT INTO Place VALUES (18, 2, 'Kinopark 7 IMAX Keruen', SYSTEM.GetRowNumber(18, 2, 'Kinopark 7 IMAX Keruen'), SYSTEM.GetColumnNumber(18, 2, 'Kinopark 7 IMAX Keruen'));
INSERT INTO Place VALUES (19, 2, 'Kinopark 7 IMAX Keruen', SYSTEM.GetRowNumber(19, 2, 'Kinopark 7 IMAX Keruen'), SYSTEM.GetColumnNumber(19, 2, 'Kinopark 7 IMAX Keruen'));
INSERT INTO Place VALUES (20, 2, 'Kinopark 7 IMAX Keruen', SYSTEM.GetRowNumber(20, 2, 'Kinopark 7 IMAX Keruen'), SYSTEM.GetColumnNumber(20, 2, 'Kinopark 7 IMAX Keruen'));
INSERT INTO Place VALUES (21, 2, 'Kinopark 7 IMAX Keruen', SYSTEM.GetRowNumber(21, 2, 'Kinopark 7 IMAX Keruen'), SYSTEM.GetColumnNumber(21, 2, 'Kinopark 7 IMAX Keruen'));
INSERT INTO Place VALUES (22, 2, 'Kinopark 7 IMAX Keruen', SYSTEM.GetRowNumber(22, 2, 'Kinopark 7 IMAX Keruen'), SYSTEM.GetColumnNumber(22, 2, 'Kinopark 7 IMAX Keruen'));
INSERT INTO Place VALUES (23, 2, 'Kinopark 7 IMAX Keruen', SYSTEM.GetRowNumber(23, 2, 'Kinopark 7 IMAX Keruen'), SYSTEM.GetColumnNumber(23, 2, 'Kinopark 7 IMAX Keruen'));
INSERT INTO Place VALUES (24, 2, 'Kinopark 7 IMAX Keruen', SYSTEM.GetRowNumber(24, 2, 'Kinopark 7 IMAX Keruen'), SYSTEM.GetColumnNumber(24, 2, 'Kinopark 7 IMAX Keruen'));
INSERT INTO Place VALUES (25, 2, 'Kinopark 7 IMAX Keruen', SYSTEM.GetRowNumber(25, 2, 'Kinopark 7 IMAX Keruen'), SYSTEM.GetColumnNumber(25, 2, 'Kinopark 7 IMAX Keruen'));
INSERT INTO Place VALUES (26, 2, 'Kinopark 7 IMAX Keruen', SYSTEM.GetRowNumber(26, 2, 'Kinopark 7 IMAX Keruen'), SYSTEM.GetColumnNumber(26, 2, 'Kinopark 7 IMAX Keruen'));
INSERT INTO Place VALUES (27, 2, 'Kinopark 7 IMAX Keruen', SYSTEM.GetRowNumber(27, 2, 'Kinopark 7 IMAX Keruen'), SYSTEM.GetColumnNumber(27, 2, 'Kinopark 7 IMAX Keruen'));
INSERT INTO Place VALUES (28, 2, 'Kinopark 7 IMAX Keruen', SYSTEM.GetRowNumber(28, 2, 'Kinopark 7 IMAX Keruen'), SYSTEM.GetColumnNumber(28, 2, 'Kinopark 7 IMAX Keruen'));
INSERT INTO Place VALUES (29, 2, 'Kinopark 7 IMAX Keruen', SYSTEM.GetRowNumber(29, 2, 'Kinopark 7 IMAX Keruen'), SYSTEM.GetColumnNumber(29, 2, 'Kinopark 7 IMAX Keruen'));
INSERT INTO Place VALUES (30, 2, 'Kinopark 7 IMAX Keruen', SYSTEM.GetRowNumber(30, 2, 'Kinopark 7 IMAX Keruen'), SYSTEM.GetColumnNumber(30, 2, 'Kinopark 7 IMAX Keruen'));
INSERT INTO Place VALUES (31, 2, 'Kinopark 7 IMAX Keruen', SYSTEM.GetRowNumber(31, 2, 'Kinopark 7 IMAX Keruen'), SYSTEM.GetColumnNumber(31, 2, 'Kinopark 7 IMAX Keruen'));
INSERT INTO Place VALUES (32, 2, 'Kinopark 7 IMAX Keruen', SYSTEM.GetRowNumber(32, 2, 'Kinopark 7 IMAX Keruen'), SYSTEM.GetColumnNumber(32, 2, 'Kinopark 7 IMAX Keruen'));
INSERT INTO Place VALUES (33, 2, 'Kinopark 7 IMAX Keruen', SYSTEM.GetRowNumber(33, 2, 'Kinopark 7 IMAX Keruen'), SYSTEM.GetColumnNumber(33, 2, 'Kinopark 7 IMAX Keruen'));
INSERT INTO Place VALUES (34, 2, 'Kinopark 7 IMAX Keruen', SYSTEM.GetRowNumber(34, 2, 'Kinopark 7 IMAX Keruen'), SYSTEM.GetColumnNumber(34, 2, 'Kinopark 7 IMAX Keruen'));
INSERT INTO Place VALUES (35, 2, 'Kinopark 7 IMAX Keruen', SYSTEM.GetRowNumber(35, 2, 'Kinopark 7 IMAX Keruen'), SYSTEM.GetColumnNumber(35, 2, 'Kinopark 7 IMAX Keruen'));
INSERT INTO Place VALUES (36, 2, 'Kinopark 7 IMAX Keruen', SYSTEM.GetRowNumber(36, 2, 'Kinopark 7 IMAX Keruen'), SYSTEM.GetColumnNumber(36, 2, 'Kinopark 7 IMAX Keruen'));
INSERT INTO Place VALUES (1, 3, 'Kinopark 7 IMAX Keruen', SYSTEM.GetRowNumber(1, 3, 'Kinopark 7 IMAX Keruen'), SYSTEM.GetColumnNumber(1, 3, 'Kinopark 7 IMAX Keruen'));
INSERT INTO Place VALUES (2, 3, 'Kinopark 7 IMAX Keruen', SYSTEM.GetRowNumber(2, 3, 'Kinopark 7 IMAX Keruen'), SYSTEM.GetColumnNumber(2, 3, 'Kinopark 7 IMAX Keruen'));
INSERT INTO Place VALUES (3, 3, 'Kinopark 7 IMAX Keruen', SYSTEM.GetRowNumber(3, 3, 'Kinopark 7 IMAX Keruen'), SYSTEM.GetColumnNumber(3, 3, 'Kinopark 7 IMAX Keruen'));
INSERT INTO Place VALUES (4, 3, 'Kinopark 7 IMAX Keruen', SYSTEM.GetRowNumber(4, 3, 'Kinopark 7 IMAX Keruen'), SYSTEM.GetColumnNumber(4, 3, 'Kinopark 7 IMAX Keruen'));
INSERT INTO Place VALUES (5, 3, 'Kinopark 7 IMAX Keruen', SYSTEM.GetRowNumber(5, 3, 'Kinopark 7 IMAX Keruen'), SYSTEM.GetColumnNumber(5, 3, 'Kinopark 7 IMAX Keruen'));
INSERT INTO Place VALUES (6, 3, 'Kinopark 7 IMAX Keruen', SYSTEM.GetRowNumber(6, 3, 'Kinopark 7 IMAX Keruen'), SYSTEM.GetColumnNumber(6, 3, 'Kinopark 7 IMAX Keruen'));
INSERT INTO Place VALUES (7, 3, 'Kinopark 7 IMAX Keruen', SYSTEM.GetRowNumber(7, 3, 'Kinopark 7 IMAX Keruen'), SYSTEM.GetColumnNumber(7, 3, 'Kinopark 7 IMAX Keruen'));
INSERT INTO Place VALUES (8, 3, 'Kinopark 7 IMAX Keruen', SYSTEM.GetRowNumber(8, 3, 'Kinopark 7 IMAX Keruen'), SYSTEM.GetColumnNumber(8, 3, 'Kinopark 7 IMAX Keruen'));
INSERT INTO Place VALUES (9, 3, 'Kinopark 7 IMAX Keruen', SYSTEM.GetRowNumber(9, 3, 'Kinopark 7 IMAX Keruen'), SYSTEM.GetColumnNumber(9, 3, 'Kinopark 7 IMAX Keruen'));
INSERT INTO Place VALUES (10, 3, 'Kinopark 7 IMAX Keruen', SYSTEM.GetRowNumber(10, 3, 'Kinopark 7 IMAX Keruen'), SYSTEM.GetColumnNumber(10, 3, 'Kinopark 7 IMAX Keruen'));
INSERT INTO Place VALUES (11, 3, 'Kinopark 7 IMAX Keruen', SYSTEM.GetRowNumber(11, 3, 'Kinopark 7 IMAX Keruen'), SYSTEM.GetColumnNumber(11, 3, 'Kinopark 7 IMAX Keruen'));
INSERT INTO Place VALUES (12, 3, 'Kinopark 7 IMAX Keruen', SYSTEM.GetRowNumber(12, 3, 'Kinopark 7 IMAX Keruen'), SYSTEM.GetColumnNumber(12, 3, 'Kinopark 7 IMAX Keruen'));
INSERT INTO Place VALUES (13, 3, 'Kinopark 7 IMAX Keruen', SYSTEM.GetRowNumber(13, 3, 'Kinopark 7 IMAX Keruen'), SYSTEM.GetColumnNumber(13, 3, 'Kinopark 7 IMAX Keruen'));
INSERT INTO Place VALUES (14, 3, 'Kinopark 7 IMAX Keruen', SYSTEM.GetRowNumber(14, 3, 'Kinopark 7 IMAX Keruen'), SYSTEM.GetColumnNumber(14, 3, 'Kinopark 7 IMAX Keruen'));
INSERT INTO Place VALUES (15, 3, 'Kinopark 7 IMAX Keruen', SYSTEM.GetRowNumber(15, 3, 'Kinopark 7 IMAX Keruen'), SYSTEM.GetColumnNumber(15, 3, 'Kinopark 7 IMAX Keruen'));
INSERT INTO Place VALUES (16, 3, 'Kinopark 7 IMAX Keruen', SYSTEM.GetRowNumber(16, 3, 'Kinopark 7 IMAX Keruen'), SYSTEM.GetColumnNumber(16, 3, 'Kinopark 7 IMAX Keruen'));
INSERT INTO Place VALUES (17, 3, 'Kinopark 7 IMAX Keruen', SYSTEM.GetRowNumber(17, 3, 'Kinopark 7 IMAX Keruen'), SYSTEM.GetColumnNumber(17, 3, 'Kinopark 7 IMAX Keruen'));
INSERT INTO Place VALUES (18, 3, 'Kinopark 7 IMAX Keruen', SYSTEM.GetRowNumber(18, 3, 'Kinopark 7 IMAX Keruen'), SYSTEM.GetColumnNumber(18, 3, 'Kinopark 7 IMAX Keruen'));
INSERT INTO Place VALUES (19, 3, 'Kinopark 7 IMAX Keruen', SYSTEM.GetRowNumber(19, 3, 'Kinopark 7 IMAX Keruen'), SYSTEM.GetColumnNumber(19, 3, 'Kinopark 7 IMAX Keruen'));
INSERT INTO Place VALUES (20, 3, 'Kinopark 7 IMAX Keruen', SYSTEM.GetRowNumber(20, 3, 'Kinopark 7 IMAX Keruen'), SYSTEM.GetColumnNumber(20, 3, 'Kinopark 7 IMAX Keruen'));
INSERT INTO Place VALUES (21, 3, 'Kinopark 7 IMAX Keruen', SYSTEM.GetRowNumber(21, 3, 'Kinopark 7 IMAX Keruen'), SYSTEM.GetColumnNumber(21, 3, 'Kinopark 7 IMAX Keruen'));
INSERT INTO Place VALUES (22, 3, 'Kinopark 7 IMAX Keruen', SYSTEM.GetRowNumber(22, 3, 'Kinopark 7 IMAX Keruen'), SYSTEM.GetColumnNumber(22, 3, 'Kinopark 7 IMAX Keruen'));
INSERT INTO Place VALUES (23, 3, 'Kinopark 7 IMAX Keruen', SYSTEM.GetRowNumber(23, 3, 'Kinopark 7 IMAX Keruen'), SYSTEM.GetColumnNumber(23, 3, 'Kinopark 7 IMAX Keruen'));
INSERT INTO Place VALUES (24, 3, 'Kinopark 7 IMAX Keruen', SYSTEM.GetRowNumber(24, 3, 'Kinopark 7 IMAX Keruen'), SYSTEM.GetColumnNumber(24, 3, 'Kinopark 7 IMAX Keruen'));
INSERT INTO Place VALUES (25, 3, 'Kinopark 7 IMAX Keruen', SYSTEM.GetRowNumber(25, 3, 'Kinopark 7 IMAX Keruen'), SYSTEM.GetColumnNumber(25, 3, 'Kinopark 7 IMAX Keruen'));
INSERT INTO Place VALUES (26, 3, 'Kinopark 7 IMAX Keruen', SYSTEM.GetRowNumber(26, 3, 'Kinopark 7 IMAX Keruen'), SYSTEM.GetColumnNumber(26, 3, 'Kinopark 7 IMAX Keruen'));
INSERT INTO Place VALUES (27, 3, 'Kinopark 7 IMAX Keruen', SYSTEM.GetRowNumber(27, 3, 'Kinopark 7 IMAX Keruen'), SYSTEM.GetColumnNumber(27, 3, 'Kinopark 7 IMAX Keruen'));
INSERT INTO Place VALUES (28, 3, 'Kinopark 7 IMAX Keruen', SYSTEM.GetRowNumber(28, 3, 'Kinopark 7 IMAX Keruen'), SYSTEM.GetColumnNumber(28, 3, 'Kinopark 7 IMAX Keruen'));
INSERT INTO Place VALUES (29, 3, 'Kinopark 7 IMAX Keruen', SYSTEM.GetRowNumber(29, 3, 'Kinopark 7 IMAX Keruen'), SYSTEM.GetColumnNumber(29, 3, 'Kinopark 7 IMAX Keruen'));
INSERT INTO Place VALUES (30, 3, 'Kinopark 7 IMAX Keruen', SYSTEM.GetRowNumber(30, 3, 'Kinopark 7 IMAX Keruen'), SYSTEM.GetColumnNumber(30, 3, 'Kinopark 7 IMAX Keruen'));
INSERT INTO Place VALUES (31, 3, 'Kinopark 7 IMAX Keruen', SYSTEM.GetRowNumber(31, 3, 'Kinopark 7 IMAX Keruen'), SYSTEM.GetColumnNumber(31, 3, 'Kinopark 7 IMAX Keruen'));
INSERT INTO Place VALUES (32, 3, 'Kinopark 7 IMAX Keruen', SYSTEM.GetRowNumber(32, 3, 'Kinopark 7 IMAX Keruen'), SYSTEM.GetColumnNumber(32, 3, 'Kinopark 7 IMAX Keruen'));
INSERT INTO Place VALUES (33, 3, 'Kinopark 7 IMAX Keruen', SYSTEM.GetRowNumber(33, 3, 'Kinopark 7 IMAX Keruen'), SYSTEM.GetColumnNumber(33, 3, 'Kinopark 7 IMAX Keruen'));
INSERT INTO Place VALUES (34, 3, 'Kinopark 7 IMAX Keruen', SYSTEM.GetRowNumber(34, 3, 'Kinopark 7 IMAX Keruen'), SYSTEM.GetColumnNumber(34, 3, 'Kinopark 7 IMAX Keruen'));
INSERT INTO Place VALUES (35, 3, 'Kinopark 7 IMAX Keruen', SYSTEM.GetRowNumber(35, 3, 'Kinopark 7 IMAX Keruen'), SYSTEM.GetColumnNumber(35, 3, 'Kinopark 7 IMAX Keruen'));
INSERT INTO Place VALUES (36, 3, 'Kinopark 7 IMAX Keruen', SYSTEM.GetRowNumber(36, 3, 'Kinopark 7 IMAX Keruen'), SYSTEM.GetColumnNumber(36, 3, 'Kinopark 7 IMAX Keruen'));
INSERT INTO Place VALUES (37, 3, 'Kinopark 7 IMAX Keruen', SYSTEM.GetRowNumber(37, 3, 'Kinopark 7 IMAX Keruen'), SYSTEM.GetColumnNumber(37, 3, 'Kinopark 7 IMAX Keruen'));
INSERT INTO Place VALUES (38, 3, 'Kinopark 7 IMAX Keruen', SYSTEM.GetRowNumber(38, 3, 'Kinopark 7 IMAX Keruen'), SYSTEM.GetColumnNumber(38, 3, 'Kinopark 7 IMAX Keruen'));
INSERT INTO Place VALUES (39, 3, 'Kinopark 7 IMAX Keruen', SYSTEM.GetRowNumber(39, 3, 'Kinopark 7 IMAX Keruen'), SYSTEM.GetColumnNumber(39, 3, 'Kinopark 7 IMAX Keruen'));
INSERT INTO Place VALUES (40, 3, 'Kinopark 7 IMAX Keruen', SYSTEM.GetRowNumber(40, 3, 'Kinopark 7 IMAX Keruen'), SYSTEM.GetColumnNumber(40, 3, 'Kinopark 7 IMAX Keruen'));
INSERT INTO Place VALUES (41, 3, 'Kinopark 7 IMAX Keruen', SYSTEM.GetRowNumber(41, 3, 'Kinopark 7 IMAX Keruen'), SYSTEM.GetColumnNumber(41, 3, 'Kinopark 7 IMAX Keruen'));
INSERT INTO Place VALUES (42, 3, 'Kinopark 7 IMAX Keruen', SYSTEM.GetRowNumber(42, 3, 'Kinopark 7 IMAX Keruen'), SYSTEM.GetColumnNumber(42, 3, 'Kinopark 7 IMAX Keruen'));
INSERT INTO Place VALUES (43, 3, 'Kinopark 7 IMAX Keruen', SYSTEM.GetRowNumber(43, 3, 'Kinopark 7 IMAX Keruen'), SYSTEM.GetColumnNumber(43, 3, 'Kinopark 7 IMAX Keruen'));
INSERT INTO Place VALUES (44, 3, 'Kinopark 7 IMAX Keruen', SYSTEM.GetRowNumber(44, 3, 'Kinopark 7 IMAX Keruen'), SYSTEM.GetColumnNumber(44, 3, 'Kinopark 7 IMAX Keruen'));
INSERT INTO Place VALUES (45, 3, 'Kinopark 7 IMAX Keruen', SYSTEM.GetRowNumber(45, 3, 'Kinopark 7 IMAX Keruen'), SYSTEM.GetColumnNumber(45, 3, 'Kinopark 7 IMAX Keruen'));
INSERT INTO Place VALUES (46, 3, 'Kinopark 7 IMAX Keruen', SYSTEM.GetRowNumber(46, 3, 'Kinopark 7 IMAX Keruen'), SYSTEM.GetColumnNumber(46, 3, 'Kinopark 7 IMAX Keruen'));
INSERT INTO Place VALUES (47, 3, 'Kinopark 7 IMAX Keruen', SYSTEM.GetRowNumber(47, 3, 'Kinopark 7 IMAX Keruen'), SYSTEM.GetColumnNumber(47, 3, 'Kinopark 7 IMAX Keruen'));
INSERT INTO Place VALUES (48, 3, 'Kinopark 7 IMAX Keruen', SYSTEM.GetRowNumber(48, 3, 'Kinopark 7 IMAX Keruen'), SYSTEM.GetColumnNumber(48, 3, 'Kinopark 7 IMAX Keruen'));
INSERT INTO Place VALUES (49, 3, 'Kinopark 7 IMAX Keruen', SYSTEM.GetRowNumber(49, 3, 'Kinopark 7 IMAX Keruen'), SYSTEM.GetColumnNumber(49, 3, 'Kinopark 7 IMAX Keruen'));
INSERT INTO Place VALUES (1, 4, 'Kinopark 7 IMAX Keruen', SYSTEM.GetRowNumber(1, 4, 'Kinopark 7 IMAX Keruen'), SYSTEM.GetColumnNumber(1, 4, 'Kinopark 7 IMAX Keruen'));
INSERT INTO Place VALUES (2, 4, 'Kinopark 7 IMAX Keruen', SYSTEM.GetRowNumber(2, 4, 'Kinopark 7 IMAX Keruen'), SYSTEM.GetColumnNumber(2, 4, 'Kinopark 7 IMAX Keruen'));
INSERT INTO Place VALUES (3, 4, 'Kinopark 7 IMAX Keruen', SYSTEM.GetRowNumber(3, 4, 'Kinopark 7 IMAX Keruen'), SYSTEM.GetColumnNumber(3, 4, 'Kinopark 7 IMAX Keruen'));
INSERT INTO Place VALUES (4, 4, 'Kinopark 7 IMAX Keruen', SYSTEM.GetRowNumber(4, 4, 'Kinopark 7 IMAX Keruen'), SYSTEM.GetColumnNumber(4, 4, 'Kinopark 7 IMAX Keruen'));
INSERT INTO Place VALUES (5, 4, 'Kinopark 7 IMAX Keruen', SYSTEM.GetRowNumber(5, 4, 'Kinopark 7 IMAX Keruen'), SYSTEM.GetColumnNumber(5, 4, 'Kinopark 7 IMAX Keruen'));
INSERT INTO Place VALUES (6, 4, 'Kinopark 7 IMAX Keruen', SYSTEM.GetRowNumber(6, 4, 'Kinopark 7 IMAX Keruen'), SYSTEM.GetColumnNumber(6, 4, 'Kinopark 7 IMAX Keruen'));
INSERT INTO Place VALUES (7, 4, 'Kinopark 7 IMAX Keruen', SYSTEM.GetRowNumber(7, 4, 'Kinopark 7 IMAX Keruen'), SYSTEM.GetColumnNumber(7, 4, 'Kinopark 7 IMAX Keruen'));
INSERT INTO Place VALUES (8, 4, 'Kinopark 7 IMAX Keruen', SYSTEM.GetRowNumber(8, 4, 'Kinopark 7 IMAX Keruen'), SYSTEM.GetColumnNumber(8, 4, 'Kinopark 7 IMAX Keruen'));
INSERT INTO Place VALUES (9, 4, 'Kinopark 7 IMAX Keruen', SYSTEM.GetRowNumber(9, 4, 'Kinopark 7 IMAX Keruen'), SYSTEM.GetColumnNumber(9, 4, 'Kinopark 7 IMAX Keruen'));
INSERT INTO Place VALUES (10, 4, 'Kinopark 7 IMAX Keruen', SYSTEM.GetRowNumber(10, 4, 'Kinopark 7 IMAX Keruen'), SYSTEM.GetColumnNumber(10, 4, 'Kinopark 7 IMAX Keruen'));
INSERT INTO Place VALUES (11, 4, 'Kinopark 7 IMAX Keruen', SYSTEM.GetRowNumber(11, 4, 'Kinopark 7 IMAX Keruen'), SYSTEM.GetColumnNumber(11, 4, 'Kinopark 7 IMAX Keruen'));
INSERT INTO Place VALUES (12, 4, 'Kinopark 7 IMAX Keruen', SYSTEM.GetRowNumber(12, 4, 'Kinopark 7 IMAX Keruen'), SYSTEM.GetColumnNumber(12, 4, 'Kinopark 7 IMAX Keruen'));
INSERT INTO Place VALUES (13, 4, 'Kinopark 7 IMAX Keruen', SYSTEM.GetRowNumber(13, 4, 'Kinopark 7 IMAX Keruen'), SYSTEM.GetColumnNumber(13, 4, 'Kinopark 7 IMAX Keruen'));
INSERT INTO Place VALUES (14, 4, 'Kinopark 7 IMAX Keruen', SYSTEM.GetRowNumber(14, 4, 'Kinopark 7 IMAX Keruen'), SYSTEM.GetColumnNumber(14, 4, 'Kinopark 7 IMAX Keruen'));
INSERT INTO Place VALUES (15, 4, 'Kinopark 7 IMAX Keruen', SYSTEM.GetRowNumber(15, 4, 'Kinopark 7 IMAX Keruen'), SYSTEM.GetColumnNumber(15, 4, 'Kinopark 7 IMAX Keruen'));
INSERT INTO Place VALUES (16, 4, 'Kinopark 7 IMAX Keruen', SYSTEM.GetRowNumber(16, 4, 'Kinopark 7 IMAX Keruen'), SYSTEM.GetColumnNumber(16, 4, 'Kinopark 7 IMAX Keruen'));
INSERT INTO Place VALUES (17, 4, 'Kinopark 7 IMAX Keruen', SYSTEM.GetRowNumber(17, 4, 'Kinopark 7 IMAX Keruen'), SYSTEM.GetColumnNumber(17, 4, 'Kinopark 7 IMAX Keruen'));
INSERT INTO Place VALUES (18, 4, 'Kinopark 7 IMAX Keruen', SYSTEM.GetRowNumber(18, 4, 'Kinopark 7 IMAX Keruen'), SYSTEM.GetColumnNumber(18, 4, 'Kinopark 7 IMAX Keruen'));
INSERT INTO Place VALUES (19, 4, 'Kinopark 7 IMAX Keruen', SYSTEM.GetRowNumber(19, 4, 'Kinopark 7 IMAX Keruen'), SYSTEM.GetColumnNumber(19, 4, 'Kinopark 7 IMAX Keruen'));
INSERT INTO Place VALUES (20, 4, 'Kinopark 7 IMAX Keruen', SYSTEM.GetRowNumber(20, 4, 'Kinopark 7 IMAX Keruen'), SYSTEM.GetColumnNumber(20, 4, 'Kinopark 7 IMAX Keruen'));
INSERT INTO Place VALUES (21, 4, 'Kinopark 7 IMAX Keruen', SYSTEM.GetRowNumber(21, 4, 'Kinopark 7 IMAX Keruen'), SYSTEM.GetColumnNumber(21, 4, 'Kinopark 7 IMAX Keruen'));
INSERT INTO Place VALUES (22, 4, 'Kinopark 7 IMAX Keruen', SYSTEM.GetRowNumber(22, 4, 'Kinopark 7 IMAX Keruen'), SYSTEM.GetColumnNumber(22, 4, 'Kinopark 7 IMAX Keruen'));
INSERT INTO Place VALUES (23, 4, 'Kinopark 7 IMAX Keruen', SYSTEM.GetRowNumber(23, 4, 'Kinopark 7 IMAX Keruen'), SYSTEM.GetColumnNumber(23, 4, 'Kinopark 7 IMAX Keruen'));
INSERT INTO Place VALUES (24, 4, 'Kinopark 7 IMAX Keruen', SYSTEM.GetRowNumber(24, 4, 'Kinopark 7 IMAX Keruen'), SYSTEM.GetColumnNumber(24, 4, 'Kinopark 7 IMAX Keruen'));
INSERT INTO Place VALUES (25, 4, 'Kinopark 7 IMAX Keruen', SYSTEM.GetRowNumber(25, 4, 'Kinopark 7 IMAX Keruen'), SYSTEM.GetColumnNumber(25, 4, 'Kinopark 7 IMAX Keruen'));
INSERT INTO Place VALUES (1, 5, 'Kinopark 7 IMAX Keruen', SYSTEM.GetRowNumber(1, 5, 'Kinopark 7 IMAX Keruen'), SYSTEM.GetColumnNumber(1, 5, 'Kinopark 7 IMAX Keruen'));
INSERT INTO Place VALUES (2, 5, 'Kinopark 7 IMAX Keruen', SYSTEM.GetRowNumber(2, 5, 'Kinopark 7 IMAX Keruen'), SYSTEM.GetColumnNumber(2, 5, 'Kinopark 7 IMAX Keruen'));
INSERT INTO Place VALUES (3, 5, 'Kinopark 7 IMAX Keruen', SYSTEM.GetRowNumber(3, 5, 'Kinopark 7 IMAX Keruen'), SYSTEM.GetColumnNumber(3, 5, 'Kinopark 7 IMAX Keruen'));
INSERT INTO Place VALUES (4, 5, 'Kinopark 7 IMAX Keruen', SYSTEM.GetRowNumber(4, 5, 'Kinopark 7 IMAX Keruen'), SYSTEM.GetColumnNumber(4, 5, 'Kinopark 7 IMAX Keruen'));
INSERT INTO Place VALUES (5, 5, 'Kinopark 7 IMAX Keruen', SYSTEM.GetRowNumber(5, 5, 'Kinopark 7 IMAX Keruen'), SYSTEM.GetColumnNumber(5, 5, 'Kinopark 7 IMAX Keruen'));
INSERT INTO Place VALUES (6, 5, 'Kinopark 7 IMAX Keruen', SYSTEM.GetRowNumber(6, 5, 'Kinopark 7 IMAX Keruen'), SYSTEM.GetColumnNumber(6, 5, 'Kinopark 7 IMAX Keruen'));
INSERT INTO Place VALUES (7, 5, 'Kinopark 7 IMAX Keruen', SYSTEM.GetRowNumber(7, 5, 'Kinopark 7 IMAX Keruen'), SYSTEM.GetColumnNumber(7, 5, 'Kinopark 7 IMAX Keruen'));
INSERT INTO Place VALUES (8, 5, 'Kinopark 7 IMAX Keruen', SYSTEM.GetRowNumber(8, 5, 'Kinopark 7 IMAX Keruen'), SYSTEM.GetColumnNumber(8, 5, 'Kinopark 7 IMAX Keruen'));
INSERT INTO Place VALUES (9, 5, 'Kinopark 7 IMAX Keruen', SYSTEM.GetRowNumber(9, 5, 'Kinopark 7 IMAX Keruen'), SYSTEM.GetColumnNumber(9, 5, 'Kinopark 7 IMAX Keruen'));
INSERT INTO Place VALUES (10, 5, 'Kinopark 7 IMAX Keruen', SYSTEM.GetRowNumber(10, 5, 'Kinopark 7 IMAX Keruen'), SYSTEM.GetColumnNumber(10, 5, 'Kinopark 7 IMAX Keruen'));
INSERT INTO Place VALUES (11, 5, 'Kinopark 7 IMAX Keruen', SYSTEM.GetRowNumber(11, 5, 'Kinopark 7 IMAX Keruen'), SYSTEM.GetColumnNumber(11, 5, 'Kinopark 7 IMAX Keruen'));
INSERT INTO Place VALUES (12, 5, 'Kinopark 7 IMAX Keruen', SYSTEM.GetRowNumber(12, 5, 'Kinopark 7 IMAX Keruen'), SYSTEM.GetColumnNumber(12, 5, 'Kinopark 7 IMAX Keruen'));
INSERT INTO Place VALUES (13, 5, 'Kinopark 7 IMAX Keruen', SYSTEM.GetRowNumber(13, 5, 'Kinopark 7 IMAX Keruen'), SYSTEM.GetColumnNumber(13, 5, 'Kinopark 7 IMAX Keruen'));
INSERT INTO Place VALUES (14, 5, 'Kinopark 7 IMAX Keruen', SYSTEM.GetRowNumber(14, 5, 'Kinopark 7 IMAX Keruen'), SYSTEM.GetColumnNumber(14, 5, 'Kinopark 7 IMAX Keruen'));
INSERT INTO Place VALUES (15, 5, 'Kinopark 7 IMAX Keruen', SYSTEM.GetRowNumber(15, 5, 'Kinopark 7 IMAX Keruen'), SYSTEM.GetColumnNumber(15, 5, 'Kinopark 7 IMAX Keruen'));
INSERT INTO Place VALUES (16, 5, 'Kinopark 7 IMAX Keruen', SYSTEM.GetRowNumber(16, 5, 'Kinopark 7 IMAX Keruen'), SYSTEM.GetColumnNumber(16, 5, 'Kinopark 7 IMAX Keruen'));
INSERT INTO Place VALUES (17, 5, 'Kinopark 7 IMAX Keruen', SYSTEM.GetRowNumber(17, 5, 'Kinopark 7 IMAX Keruen'), SYSTEM.GetColumnNumber(17, 5, 'Kinopark 7 IMAX Keruen'));
INSERT INTO Place VALUES (18, 5, 'Kinopark 7 IMAX Keruen', SYSTEM.GetRowNumber(18, 5, 'Kinopark 7 IMAX Keruen'), SYSTEM.GetColumnNumber(18, 5, 'Kinopark 7 IMAX Keruen'));
INSERT INTO Place VALUES (19, 5, 'Kinopark 7 IMAX Keruen', SYSTEM.GetRowNumber(19, 5, 'Kinopark 7 IMAX Keruen'), SYSTEM.GetColumnNumber(19, 5, 'Kinopark 7 IMAX Keruen'));
INSERT INTO Place VALUES (20, 5, 'Kinopark 7 IMAX Keruen', SYSTEM.GetRowNumber(20, 5, 'Kinopark 7 IMAX Keruen'), SYSTEM.GetColumnNumber(20, 5, 'Kinopark 7 IMAX Keruen'));
INSERT INTO Place VALUES (21, 5, 'Kinopark 7 IMAX Keruen', SYSTEM.GetRowNumber(21, 5, 'Kinopark 7 IMAX Keruen'), SYSTEM.GetColumnNumber(21, 5, 'Kinopark 7 IMAX Keruen'));
INSERT INTO Place VALUES (22, 5, 'Kinopark 7 IMAX Keruen', SYSTEM.GetRowNumber(22, 5, 'Kinopark 7 IMAX Keruen'), SYSTEM.GetColumnNumber(22, 5, 'Kinopark 7 IMAX Keruen'));
INSERT INTO Place VALUES (23, 5, 'Kinopark 7 IMAX Keruen', SYSTEM.GetRowNumber(23, 5, 'Kinopark 7 IMAX Keruen'), SYSTEM.GetColumnNumber(23, 5, 'Kinopark 7 IMAX Keruen'));
INSERT INTO Place VALUES (24, 5, 'Kinopark 7 IMAX Keruen', SYSTEM.GetRowNumber(24, 5, 'Kinopark 7 IMAX Keruen'), SYSTEM.GetColumnNumber(24, 5, 'Kinopark 7 IMAX Keruen'));
INSERT INTO Place VALUES (25, 5, 'Kinopark 7 IMAX Keruen', SYSTEM.GetRowNumber(25, 5, 'Kinopark 7 IMAX Keruen'), SYSTEM.GetColumnNumber(25, 5, 'Kinopark 7 IMAX Keruen'));
INSERT INTO Place VALUES (26, 5, 'Kinopark 7 IMAX Keruen', SYSTEM.GetRowNumber(26, 5, 'Kinopark 7 IMAX Keruen'), SYSTEM.GetColumnNumber(26, 5, 'Kinopark 7 IMAX Keruen'));
INSERT INTO Place VALUES (27, 5, 'Kinopark 7 IMAX Keruen', SYSTEM.GetRowNumber(27, 5, 'Kinopark 7 IMAX Keruen'), SYSTEM.GetColumnNumber(27, 5, 'Kinopark 7 IMAX Keruen'));
INSERT INTO Place VALUES (28, 5, 'Kinopark 7 IMAX Keruen', SYSTEM.GetRowNumber(28, 5, 'Kinopark 7 IMAX Keruen'), SYSTEM.GetColumnNumber(28, 5, 'Kinopark 7 IMAX Keruen'));
INSERT INTO Place VALUES (29, 5, 'Kinopark 7 IMAX Keruen', SYSTEM.GetRowNumber(29, 5, 'Kinopark 7 IMAX Keruen'), SYSTEM.GetColumnNumber(29, 5, 'Kinopark 7 IMAX Keruen'));
INSERT INTO Place VALUES (30, 5, 'Kinopark 7 IMAX Keruen', SYSTEM.GetRowNumber(30, 5, 'Kinopark 7 IMAX Keruen'), SYSTEM.GetColumnNumber(30, 5, 'Kinopark 7 IMAX Keruen'));
INSERT INTO Place VALUES (31, 5, 'Kinopark 7 IMAX Keruen', SYSTEM.GetRowNumber(31, 5, 'Kinopark 7 IMAX Keruen'), SYSTEM.GetColumnNumber(31, 5, 'Kinopark 7 IMAX Keruen'));
INSERT INTO Place VALUES (32, 5, 'Kinopark 7 IMAX Keruen', SYSTEM.GetRowNumber(32, 5, 'Kinopark 7 IMAX Keruen'), SYSTEM.GetColumnNumber(32, 5, 'Kinopark 7 IMAX Keruen'));
INSERT INTO Place VALUES (33, 5, 'Kinopark 7 IMAX Keruen', SYSTEM.GetRowNumber(33, 5, 'Kinopark 7 IMAX Keruen'), SYSTEM.GetColumnNumber(33, 5, 'Kinopark 7 IMAX Keruen'));
INSERT INTO Place VALUES (34, 5, 'Kinopark 7 IMAX Keruen', SYSTEM.GetRowNumber(34, 5, 'Kinopark 7 IMAX Keruen'), SYSTEM.GetColumnNumber(34, 5, 'Kinopark 7 IMAX Keruen'));
INSERT INTO Place VALUES (35, 5, 'Kinopark 7 IMAX Keruen', SYSTEM.GetRowNumber(35, 5, 'Kinopark 7 IMAX Keruen'), SYSTEM.GetColumnNumber(35, 5, 'Kinopark 7 IMAX Keruen'));
INSERT INTO Place VALUES (36, 5, 'Kinopark 7 IMAX Keruen', SYSTEM.GetRowNumber(36, 5, 'Kinopark 7 IMAX Keruen'), SYSTEM.GetColumnNumber(36, 5, 'Kinopark 7 IMAX Keruen'));
INSERT INTO Place VALUES (1, 6, 'Kinopark 7 IMAX Keruen', SYSTEM.GetRowNumber(1, 6, 'Kinopark 7 IMAX Keruen'), SYSTEM.GetColumnNumber(1, 6, 'Kinopark 7 IMAX Keruen'));
INSERT INTO Place VALUES (2, 6, 'Kinopark 7 IMAX Keruen', SYSTEM.GetRowNumber(2, 6, 'Kinopark 7 IMAX Keruen'), SYSTEM.GetColumnNumber(2, 6, 'Kinopark 7 IMAX Keruen'));
INSERT INTO Place VALUES (3, 6, 'Kinopark 7 IMAX Keruen', SYSTEM.GetRowNumber(3, 6, 'Kinopark 7 IMAX Keruen'), SYSTEM.GetColumnNumber(3, 6, 'Kinopark 7 IMAX Keruen'));
INSERT INTO Place VALUES (4, 6, 'Kinopark 7 IMAX Keruen', SYSTEM.GetRowNumber(4, 6, 'Kinopark 7 IMAX Keruen'), SYSTEM.GetColumnNumber(4, 6, 'Kinopark 7 IMAX Keruen'));
INSERT INTO Place VALUES (5, 6, 'Kinopark 7 IMAX Keruen', SYSTEM.GetRowNumber(5, 6, 'Kinopark 7 IMAX Keruen'), SYSTEM.GetColumnNumber(5, 6, 'Kinopark 7 IMAX Keruen'));
INSERT INTO Place VALUES (6, 6, 'Kinopark 7 IMAX Keruen', SYSTEM.GetRowNumber(6, 6, 'Kinopark 7 IMAX Keruen'), SYSTEM.GetColumnNumber(6, 6, 'Kinopark 7 IMAX Keruen'));
INSERT INTO Place VALUES (7, 6, 'Kinopark 7 IMAX Keruen', SYSTEM.GetRowNumber(7, 6, 'Kinopark 7 IMAX Keruen'), SYSTEM.GetColumnNumber(7, 6, 'Kinopark 7 IMAX Keruen'));
INSERT INTO Place VALUES (8, 6, 'Kinopark 7 IMAX Keruen', SYSTEM.GetRowNumber(8, 6, 'Kinopark 7 IMAX Keruen'), SYSTEM.GetColumnNumber(8, 6, 'Kinopark 7 IMAX Keruen'));
INSERT INTO Place VALUES (9, 6, 'Kinopark 7 IMAX Keruen', SYSTEM.GetRowNumber(9, 6, 'Kinopark 7 IMAX Keruen'), SYSTEM.GetColumnNumber(9, 6, 'Kinopark 7 IMAX Keruen'));
INSERT INTO Place VALUES (10, 6, 'Kinopark 7 IMAX Keruen', SYSTEM.GetRowNumber(10, 6, 'Kinopark 7 IMAX Keruen'), SYSTEM.GetColumnNumber(10, 6, 'Kinopark 7 IMAX Keruen'));
INSERT INTO Place VALUES (11, 6, 'Kinopark 7 IMAX Keruen', SYSTEM.GetRowNumber(11, 6, 'Kinopark 7 IMAX Keruen'), SYSTEM.GetColumnNumber(11, 6, 'Kinopark 7 IMAX Keruen'));
INSERT INTO Place VALUES (12, 6, 'Kinopark 7 IMAX Keruen', SYSTEM.GetRowNumber(12, 6, 'Kinopark 7 IMAX Keruen'), SYSTEM.GetColumnNumber(12, 6, 'Kinopark 7 IMAX Keruen'));
INSERT INTO Place VALUES (13, 6, 'Kinopark 7 IMAX Keruen', SYSTEM.GetRowNumber(13, 6, 'Kinopark 7 IMAX Keruen'), SYSTEM.GetColumnNumber(13, 6, 'Kinopark 7 IMAX Keruen'));
INSERT INTO Place VALUES (14, 6, 'Kinopark 7 IMAX Keruen', SYSTEM.GetRowNumber(14, 6, 'Kinopark 7 IMAX Keruen'), SYSTEM.GetColumnNumber(14, 6, 'Kinopark 7 IMAX Keruen'));
INSERT INTO Place VALUES (15, 6, 'Kinopark 7 IMAX Keruen', SYSTEM.GetRowNumber(15, 6, 'Kinopark 7 IMAX Keruen'), SYSTEM.GetColumnNumber(15, 6, 'Kinopark 7 IMAX Keruen'));
INSERT INTO Place VALUES (16, 6, 'Kinopark 7 IMAX Keruen', SYSTEM.GetRowNumber(16, 6, 'Kinopark 7 IMAX Keruen'), SYSTEM.GetColumnNumber(16, 6, 'Kinopark 7 IMAX Keruen'));
INSERT INTO Place VALUES (17, 6, 'Kinopark 7 IMAX Keruen', SYSTEM.GetRowNumber(17, 6, 'Kinopark 7 IMAX Keruen'), SYSTEM.GetColumnNumber(17, 6, 'Kinopark 7 IMAX Keruen'));
INSERT INTO Place VALUES (18, 6, 'Kinopark 7 IMAX Keruen', SYSTEM.GetRowNumber(18, 6, 'Kinopark 7 IMAX Keruen'), SYSTEM.GetColumnNumber(18, 6, 'Kinopark 7 IMAX Keruen'));
INSERT INTO Place VALUES (19, 6, 'Kinopark 7 IMAX Keruen', SYSTEM.GetRowNumber(19, 6, 'Kinopark 7 IMAX Keruen'), SYSTEM.GetColumnNumber(19, 6, 'Kinopark 7 IMAX Keruen'));
INSERT INTO Place VALUES (20, 6, 'Kinopark 7 IMAX Keruen', SYSTEM.GetRowNumber(20, 6, 'Kinopark 7 IMAX Keruen'), SYSTEM.GetColumnNumber(20, 6, 'Kinopark 7 IMAX Keruen'));
INSERT INTO Place VALUES (21, 6, 'Kinopark 7 IMAX Keruen', SYSTEM.GetRowNumber(21, 6, 'Kinopark 7 IMAX Keruen'), SYSTEM.GetColumnNumber(21, 6, 'Kinopark 7 IMAX Keruen'));
INSERT INTO Place VALUES (22, 6, 'Kinopark 7 IMAX Keruen', SYSTEM.GetRowNumber(22, 6, 'Kinopark 7 IMAX Keruen'), SYSTEM.GetColumnNumber(22, 6, 'Kinopark 7 IMAX Keruen'));
INSERT INTO Place VALUES (23, 6, 'Kinopark 7 IMAX Keruen', SYSTEM.GetRowNumber(23, 6, 'Kinopark 7 IMAX Keruen'), SYSTEM.GetColumnNumber(23, 6, 'Kinopark 7 IMAX Keruen'));
INSERT INTO Place VALUES (24, 6, 'Kinopark 7 IMAX Keruen', SYSTEM.GetRowNumber(24, 6, 'Kinopark 7 IMAX Keruen'), SYSTEM.GetColumnNumber(24, 6, 'Kinopark 7 IMAX Keruen'));
INSERT INTO Place VALUES (25, 6, 'Kinopark 7 IMAX Keruen', SYSTEM.GetRowNumber(25, 6, 'Kinopark 7 IMAX Keruen'), SYSTEM.GetColumnNumber(25, 6, 'Kinopark 7 IMAX Keruen'));
INSERT INTO Place VALUES (26, 6, 'Kinopark 7 IMAX Keruen', SYSTEM.GetRowNumber(26, 6, 'Kinopark 7 IMAX Keruen'), SYSTEM.GetColumnNumber(26, 6, 'Kinopark 7 IMAX Keruen'));
INSERT INTO Place VALUES (27, 6, 'Kinopark 7 IMAX Keruen', SYSTEM.GetRowNumber(27, 6, 'Kinopark 7 IMAX Keruen'), SYSTEM.GetColumnNumber(27, 6, 'Kinopark 7 IMAX Keruen'));
INSERT INTO Place VALUES (28, 6, 'Kinopark 7 IMAX Keruen', SYSTEM.GetRowNumber(28, 6, 'Kinopark 7 IMAX Keruen'), SYSTEM.GetColumnNumber(28, 6, 'Kinopark 7 IMAX Keruen'));
INSERT INTO Place VALUES (29, 6, 'Kinopark 7 IMAX Keruen', SYSTEM.GetRowNumber(29, 6, 'Kinopark 7 IMAX Keruen'), SYSTEM.GetColumnNumber(29, 6, 'Kinopark 7 IMAX Keruen'));
INSERT INTO Place VALUES (30, 6, 'Kinopark 7 IMAX Keruen', SYSTEM.GetRowNumber(30, 6, 'Kinopark 7 IMAX Keruen'), SYSTEM.GetColumnNumber(30, 6, 'Kinopark 7 IMAX Keruen'));
INSERT INTO Place VALUES (31, 6, 'Kinopark 7 IMAX Keruen', SYSTEM.GetRowNumber(31, 6, 'Kinopark 7 IMAX Keruen'), SYSTEM.GetColumnNumber(31, 6, 'Kinopark 7 IMAX Keruen'));
INSERT INTO Place VALUES (32, 6, 'Kinopark 7 IMAX Keruen', SYSTEM.GetRowNumber(32, 6, 'Kinopark 7 IMAX Keruen'), SYSTEM.GetColumnNumber(32, 6, 'Kinopark 7 IMAX Keruen'));
INSERT INTO Place VALUES (33, 6, 'Kinopark 7 IMAX Keruen', SYSTEM.GetRowNumber(33, 6, 'Kinopark 7 IMAX Keruen'), SYSTEM.GetColumnNumber(33, 6, 'Kinopark 7 IMAX Keruen'));
INSERT INTO Place VALUES (34, 6, 'Kinopark 7 IMAX Keruen', SYSTEM.GetRowNumber(34, 6, 'Kinopark 7 IMAX Keruen'), SYSTEM.GetColumnNumber(34, 6, 'Kinopark 7 IMAX Keruen'));
INSERT INTO Place VALUES (35, 6, 'Kinopark 7 IMAX Keruen', SYSTEM.GetRowNumber(35, 6, 'Kinopark 7 IMAX Keruen'), SYSTEM.GetColumnNumber(35, 6, 'Kinopark 7 IMAX Keruen'));
INSERT INTO Place VALUES (36, 6, 'Kinopark 7 IMAX Keruen', SYSTEM.GetRowNumber(36, 6, 'Kinopark 7 IMAX Keruen'), SYSTEM.GetColumnNumber(36, 6, 'Kinopark 7 IMAX Keruen'));
INSERT INTO Place VALUES (37, 6, 'Kinopark 7 IMAX Keruen', SYSTEM.GetRowNumber(37, 6, 'Kinopark 7 IMAX Keruen'), SYSTEM.GetColumnNumber(37, 6, 'Kinopark 7 IMAX Keruen'));
INSERT INTO Place VALUES (38, 6, 'Kinopark 7 IMAX Keruen', SYSTEM.GetRowNumber(38, 6, 'Kinopark 7 IMAX Keruen'), SYSTEM.GetColumnNumber(38, 6, 'Kinopark 7 IMAX Keruen'));
INSERT INTO Place VALUES (39, 6, 'Kinopark 7 IMAX Keruen', SYSTEM.GetRowNumber(39, 6, 'Kinopark 7 IMAX Keruen'), SYSTEM.GetColumnNumber(39, 6, 'Kinopark 7 IMAX Keruen'));
INSERT INTO Place VALUES (40, 6, 'Kinopark 7 IMAX Keruen', SYSTEM.GetRowNumber(40, 6, 'Kinopark 7 IMAX Keruen'), SYSTEM.GetColumnNumber(40, 6, 'Kinopark 7 IMAX Keruen'));
INSERT INTO Place VALUES (41, 6, 'Kinopark 7 IMAX Keruen', SYSTEM.GetRowNumber(41, 6, 'Kinopark 7 IMAX Keruen'), SYSTEM.GetColumnNumber(41, 6, 'Kinopark 7 IMAX Keruen'));
INSERT INTO Place VALUES (42, 6, 'Kinopark 7 IMAX Keruen', SYSTEM.GetRowNumber(42, 6, 'Kinopark 7 IMAX Keruen'), SYSTEM.GetColumnNumber(42, 6, 'Kinopark 7 IMAX Keruen'));
INSERT INTO Place VALUES (43, 6, 'Kinopark 7 IMAX Keruen', SYSTEM.GetRowNumber(43, 6, 'Kinopark 7 IMAX Keruen'), SYSTEM.GetColumnNumber(43, 6, 'Kinopark 7 IMAX Keruen'));
INSERT INTO Place VALUES (44, 6, 'Kinopark 7 IMAX Keruen', SYSTEM.GetRowNumber(44, 6, 'Kinopark 7 IMAX Keruen'), SYSTEM.GetColumnNumber(44, 6, 'Kinopark 7 IMAX Keruen'));
INSERT INTO Place VALUES (45, 6, 'Kinopark 7 IMAX Keruen', SYSTEM.GetRowNumber(45, 6, 'Kinopark 7 IMAX Keruen'), SYSTEM.GetColumnNumber(45, 6, 'Kinopark 7 IMAX Keruen'));
INSERT INTO Place VALUES (46, 6, 'Kinopark 7 IMAX Keruen', SYSTEM.GetRowNumber(46, 6, 'Kinopark 7 IMAX Keruen'), SYSTEM.GetColumnNumber(46, 6, 'Kinopark 7 IMAX Keruen'));
INSERT INTO Place VALUES (47, 6, 'Kinopark 7 IMAX Keruen', SYSTEM.GetRowNumber(47, 6, 'Kinopark 7 IMAX Keruen'), SYSTEM.GetColumnNumber(47, 6, 'Kinopark 7 IMAX Keruen'));
INSERT INTO Place VALUES (48, 6, 'Kinopark 7 IMAX Keruen', SYSTEM.GetRowNumber(48, 6, 'Kinopark 7 IMAX Keruen'), SYSTEM.GetColumnNumber(48, 6, 'Kinopark 7 IMAX Keruen'));
INSERT INTO Place VALUES (49, 6, 'Kinopark 7 IMAX Keruen', SYSTEM.GetRowNumber(49, 6, 'Kinopark 7 IMAX Keruen'), SYSTEM.GetColumnNumber(49, 6, 'Kinopark 7 IMAX Keruen'));
INSERT INTO Place VALUES (50, 6, 'Kinopark 7 IMAX Keruen', SYSTEM.GetRowNumber(50, 6, 'Kinopark 7 IMAX Keruen'), SYSTEM.GetColumnNumber(50, 6, 'Kinopark 7 IMAX Keruen'));
INSERT INTO Place VALUES (51, 6, 'Kinopark 7 IMAX Keruen', SYSTEM.GetRowNumber(51, 6, 'Kinopark 7 IMAX Keruen'), SYSTEM.GetColumnNumber(51, 6, 'Kinopark 7 IMAX Keruen'));
INSERT INTO Place VALUES (52, 6, 'Kinopark 7 IMAX Keruen', SYSTEM.GetRowNumber(52, 6, 'Kinopark 7 IMAX Keruen'), SYSTEM.GetColumnNumber(52, 6, 'Kinopark 7 IMAX Keruen'));
INSERT INTO Place VALUES (53, 6, 'Kinopark 7 IMAX Keruen', SYSTEM.GetRowNumber(53, 6, 'Kinopark 7 IMAX Keruen'), SYSTEM.GetColumnNumber(53, 6, 'Kinopark 7 IMAX Keruen'));
INSERT INTO Place VALUES (54, 6, 'Kinopark 7 IMAX Keruen', SYSTEM.GetRowNumber(54, 6, 'Kinopark 7 IMAX Keruen'), SYSTEM.GetColumnNumber(54, 6, 'Kinopark 7 IMAX Keruen'));
INSERT INTO Place VALUES (55, 6, 'Kinopark 7 IMAX Keruen', SYSTEM.GetRowNumber(55, 6, 'Kinopark 7 IMAX Keruen'), SYSTEM.GetColumnNumber(55, 6, 'Kinopark 7 IMAX Keruen'));
INSERT INTO Place VALUES (56, 6, 'Kinopark 7 IMAX Keruen', SYSTEM.GetRowNumber(56, 6, 'Kinopark 7 IMAX Keruen'), SYSTEM.GetColumnNumber(56, 6, 'Kinopark 7 IMAX Keruen'));
INSERT INTO Place VALUES (57, 6, 'Kinopark 7 IMAX Keruen', SYSTEM.GetRowNumber(57, 6, 'Kinopark 7 IMAX Keruen'), SYSTEM.GetColumnNumber(57, 6, 'Kinopark 7 IMAX Keruen'));
INSERT INTO Place VALUES (58, 6, 'Kinopark 7 IMAX Keruen', SYSTEM.GetRowNumber(58, 6, 'Kinopark 7 IMAX Keruen'), SYSTEM.GetColumnNumber(58, 6, 'Kinopark 7 IMAX Keruen'));
INSERT INTO Place VALUES (59, 6, 'Kinopark 7 IMAX Keruen', SYSTEM.GetRowNumber(59, 6, 'Kinopark 7 IMAX Keruen'), SYSTEM.GetColumnNumber(59, 6, 'Kinopark 7 IMAX Keruen'));
INSERT INTO Place VALUES (60, 6, 'Kinopark 7 IMAX Keruen', SYSTEM.GetRowNumber(60, 6, 'Kinopark 7 IMAX Keruen'), SYSTEM.GetColumnNumber(60, 6, 'Kinopark 7 IMAX Keruen'));
INSERT INTO Place VALUES (61, 6, 'Kinopark 7 IMAX Keruen', SYSTEM.GetRowNumber(61, 6, 'Kinopark 7 IMAX Keruen'), SYSTEM.GetColumnNumber(61, 6, 'Kinopark 7 IMAX Keruen'));
INSERT INTO Place VALUES (62, 6, 'Kinopark 7 IMAX Keruen', SYSTEM.GetRowNumber(62, 6, 'Kinopark 7 IMAX Keruen'), SYSTEM.GetColumnNumber(62, 6, 'Kinopark 7 IMAX Keruen'));
INSERT INTO Place VALUES (63, 6, 'Kinopark 7 IMAX Keruen', SYSTEM.GetRowNumber(63, 6, 'Kinopark 7 IMAX Keruen'), SYSTEM.GetColumnNumber(63, 6, 'Kinopark 7 IMAX Keruen'));
INSERT INTO Place VALUES (64, 6, 'Kinopark 7 IMAX Keruen', SYSTEM.GetRowNumber(64, 6, 'Kinopark 7 IMAX Keruen'), SYSTEM.GetColumnNumber(64, 6, 'Kinopark 7 IMAX Keruen'));
INSERT INTO Place VALUES (1, 7, 'Kinopark 7 IMAX Keruen', SYSTEM.GetRowNumber(1, 7, 'Kinopark 7 IMAX Keruen'), SYSTEM.GetColumnNumber(1, 7, 'Kinopark 7 IMAX Keruen'));
INSERT INTO Place VALUES (2, 7, 'Kinopark 7 IMAX Keruen', SYSTEM.GetRowNumber(2, 7, 'Kinopark 7 IMAX Keruen'), SYSTEM.GetColumnNumber(2, 7, 'Kinopark 7 IMAX Keruen'));
INSERT INTO Place VALUES (3, 7, 'Kinopark 7 IMAX Keruen', SYSTEM.GetRowNumber(3, 7, 'Kinopark 7 IMAX Keruen'), SYSTEM.GetColumnNumber(3, 7, 'Kinopark 7 IMAX Keruen'));
INSERT INTO Place VALUES (4, 7, 'Kinopark 7 IMAX Keruen', SYSTEM.GetRowNumber(4, 7, 'Kinopark 7 IMAX Keruen'), SYSTEM.GetColumnNumber(4, 7, 'Kinopark 7 IMAX Keruen'));
INSERT INTO Place VALUES (5, 7, 'Kinopark 7 IMAX Keruen', SYSTEM.GetRowNumber(5, 7, 'Kinopark 7 IMAX Keruen'), SYSTEM.GetColumnNumber(5, 7, 'Kinopark 7 IMAX Keruen'));
INSERT INTO Place VALUES (6, 7, 'Kinopark 7 IMAX Keruen', SYSTEM.GetRowNumber(6, 7, 'Kinopark 7 IMAX Keruen'), SYSTEM.GetColumnNumber(6, 7, 'Kinopark 7 IMAX Keruen'));
INSERT INTO Place VALUES (7, 7, 'Kinopark 7 IMAX Keruen', SYSTEM.GetRowNumber(7, 7, 'Kinopark 7 IMAX Keruen'), SYSTEM.GetColumnNumber(7, 7, 'Kinopark 7 IMAX Keruen'));
INSERT INTO Place VALUES (8, 7, 'Kinopark 7 IMAX Keruen', SYSTEM.GetRowNumber(8, 7, 'Kinopark 7 IMAX Keruen'), SYSTEM.GetColumnNumber(8, 7, 'Kinopark 7 IMAX Keruen'));
INSERT INTO Place VALUES (9, 7, 'Kinopark 7 IMAX Keruen', SYSTEM.GetRowNumber(9, 7, 'Kinopark 7 IMAX Keruen'), SYSTEM.GetColumnNumber(9, 7, 'Kinopark 7 IMAX Keruen'));
INSERT INTO Place VALUES (10, 7, 'Kinopark 7 IMAX Keruen', SYSTEM.GetRowNumber(10, 7, 'Kinopark 7 IMAX Keruen'), SYSTEM.GetColumnNumber(10, 7, 'Kinopark 7 IMAX Keruen'));
INSERT INTO Place VALUES (11, 7, 'Kinopark 7 IMAX Keruen', SYSTEM.GetRowNumber(11, 7, 'Kinopark 7 IMAX Keruen'), SYSTEM.GetColumnNumber(11, 7, 'Kinopark 7 IMAX Keruen'));
INSERT INTO Place VALUES (12, 7, 'Kinopark 7 IMAX Keruen', SYSTEM.GetRowNumber(12, 7, 'Kinopark 7 IMAX Keruen'), SYSTEM.GetColumnNumber(12, 7, 'Kinopark 7 IMAX Keruen'));
INSERT INTO Place VALUES (13, 7, 'Kinopark 7 IMAX Keruen', SYSTEM.GetRowNumber(13, 7, 'Kinopark 7 IMAX Keruen'), SYSTEM.GetColumnNumber(13, 7, 'Kinopark 7 IMAX Keruen'));
INSERT INTO Place VALUES (14, 7, 'Kinopark 7 IMAX Keruen', SYSTEM.GetRowNumber(14, 7, 'Kinopark 7 IMAX Keruen'), SYSTEM.GetColumnNumber(14, 7, 'Kinopark 7 IMAX Keruen'));
INSERT INTO Place VALUES (15, 7, 'Kinopark 7 IMAX Keruen', SYSTEM.GetRowNumber(15, 7, 'Kinopark 7 IMAX Keruen'), SYSTEM.GetColumnNumber(15, 7, 'Kinopark 7 IMAX Keruen'));
INSERT INTO Place VALUES (16, 7, 'Kinopark 7 IMAX Keruen', SYSTEM.GetRowNumber(16, 7, 'Kinopark 7 IMAX Keruen'), SYSTEM.GetColumnNumber(16, 7, 'Kinopark 7 IMAX Keruen'));
INSERT INTO Place VALUES (17, 7, 'Kinopark 7 IMAX Keruen', SYSTEM.GetRowNumber(17, 7, 'Kinopark 7 IMAX Keruen'), SYSTEM.GetColumnNumber(17, 7, 'Kinopark 7 IMAX Keruen'));
INSERT INTO Place VALUES (18, 7, 'Kinopark 7 IMAX Keruen', SYSTEM.GetRowNumber(18, 7, 'Kinopark 7 IMAX Keruen'), SYSTEM.GetColumnNumber(18, 7, 'Kinopark 7 IMAX Keruen'));
INSERT INTO Place VALUES (19, 7, 'Kinopark 7 IMAX Keruen', SYSTEM.GetRowNumber(19, 7, 'Kinopark 7 IMAX Keruen'), SYSTEM.GetColumnNumber(19, 7, 'Kinopark 7 IMAX Keruen'));
INSERT INTO Place VALUES (20, 7, 'Kinopark 7 IMAX Keruen', SYSTEM.GetRowNumber(20, 7, 'Kinopark 7 IMAX Keruen'), SYSTEM.GetColumnNumber(20, 7, 'Kinopark 7 IMAX Keruen'));
INSERT INTO Place VALUES (21, 7, 'Kinopark 7 IMAX Keruen', SYSTEM.GetRowNumber(21, 7, 'Kinopark 7 IMAX Keruen'), SYSTEM.GetColumnNumber(21, 7, 'Kinopark 7 IMAX Keruen'));
INSERT INTO Place VALUES (22, 7, 'Kinopark 7 IMAX Keruen', SYSTEM.GetRowNumber(22, 7, 'Kinopark 7 IMAX Keruen'), SYSTEM.GetColumnNumber(22, 7, 'Kinopark 7 IMAX Keruen'));
INSERT INTO Place VALUES (23, 7, 'Kinopark 7 IMAX Keruen', SYSTEM.GetRowNumber(23, 7, 'Kinopark 7 IMAX Keruen'), SYSTEM.GetColumnNumber(23, 7, 'Kinopark 7 IMAX Keruen'));
INSERT INTO Place VALUES (24, 7, 'Kinopark 7 IMAX Keruen', SYSTEM.GetRowNumber(24, 7, 'Kinopark 7 IMAX Keruen'), SYSTEM.GetColumnNumber(24, 7, 'Kinopark 7 IMAX Keruen'));
INSERT INTO Place VALUES (25, 7, 'Kinopark 7 IMAX Keruen', SYSTEM.GetRowNumber(25, 7, 'Kinopark 7 IMAX Keruen'), SYSTEM.GetColumnNumber(25, 7, 'Kinopark 7 IMAX Keruen'));
INSERT INTO Place VALUES (26, 7, 'Kinopark 7 IMAX Keruen', SYSTEM.GetRowNumber(26, 7, 'Kinopark 7 IMAX Keruen'), SYSTEM.GetColumnNumber(26, 7, 'Kinopark 7 IMAX Keruen'));
INSERT INTO Place VALUES (27, 7, 'Kinopark 7 IMAX Keruen', SYSTEM.GetRowNumber(27, 7, 'Kinopark 7 IMAX Keruen'), SYSTEM.GetColumnNumber(27, 7, 'Kinopark 7 IMAX Keruen'));
INSERT INTO Place VALUES (28, 7, 'Kinopark 7 IMAX Keruen', SYSTEM.GetRowNumber(28, 7, 'Kinopark 7 IMAX Keruen'), SYSTEM.GetColumnNumber(28, 7, 'Kinopark 7 IMAX Keruen'));
INSERT INTO Place VALUES (29, 7, 'Kinopark 7 IMAX Keruen', SYSTEM.GetRowNumber(29, 7, 'Kinopark 7 IMAX Keruen'), SYSTEM.GetColumnNumber(29, 7, 'Kinopark 7 IMAX Keruen'));
INSERT INTO Place VALUES (30, 7, 'Kinopark 7 IMAX Keruen', SYSTEM.GetRowNumber(30, 7, 'Kinopark 7 IMAX Keruen'), SYSTEM.GetColumnNumber(30, 7, 'Kinopark 7 IMAX Keruen'));
INSERT INTO Place VALUES (31, 7, 'Kinopark 7 IMAX Keruen', SYSTEM.GetRowNumber(31, 7, 'Kinopark 7 IMAX Keruen'), SYSTEM.GetColumnNumber(31, 7, 'Kinopark 7 IMAX Keruen'));
INSERT INTO Place VALUES (32, 7, 'Kinopark 7 IMAX Keruen', SYSTEM.GetRowNumber(32, 7, 'Kinopark 7 IMAX Keruen'), SYSTEM.GetColumnNumber(32, 7, 'Kinopark 7 IMAX Keruen'));
INSERT INTO Place VALUES (33, 7, 'Kinopark 7 IMAX Keruen', SYSTEM.GetRowNumber(33, 7, 'Kinopark 7 IMAX Keruen'), SYSTEM.GetColumnNumber(33, 7, 'Kinopark 7 IMAX Keruen'));
INSERT INTO Place VALUES (34, 7, 'Kinopark 7 IMAX Keruen', SYSTEM.GetRowNumber(34, 7, 'Kinopark 7 IMAX Keruen'), SYSTEM.GetColumnNumber(34, 7, 'Kinopark 7 IMAX Keruen'));
INSERT INTO Place VALUES (35, 7, 'Kinopark 7 IMAX Keruen', SYSTEM.GetRowNumber(35, 7, 'Kinopark 7 IMAX Keruen'), SYSTEM.GetColumnNumber(35, 7, 'Kinopark 7 IMAX Keruen'));
INSERT INTO Place VALUES (36, 7, 'Kinopark 7 IMAX Keruen', SYSTEM.GetRowNumber(36, 7, 'Kinopark 7 IMAX Keruen'), SYSTEM.GetColumnNumber(36, 7, 'Kinopark 7 IMAX Keruen'));
INSERT INTO Place VALUES (37, 7, 'Kinopark 7 IMAX Keruen', SYSTEM.GetRowNumber(37, 7, 'Kinopark 7 IMAX Keruen'), SYSTEM.GetColumnNumber(37, 7, 'Kinopark 7 IMAX Keruen'));
INSERT INTO Place VALUES (38, 7, 'Kinopark 7 IMAX Keruen', SYSTEM.GetRowNumber(38, 7, 'Kinopark 7 IMAX Keruen'), SYSTEM.GetColumnNumber(38, 7, 'Kinopark 7 IMAX Keruen'));
INSERT INTO Place VALUES (39, 7, 'Kinopark 7 IMAX Keruen', SYSTEM.GetRowNumber(39, 7, 'Kinopark 7 IMAX Keruen'), SYSTEM.GetColumnNumber(39, 7, 'Kinopark 7 IMAX Keruen'));
INSERT INTO Place VALUES (40, 7, 'Kinopark 7 IMAX Keruen', SYSTEM.GetRowNumber(40, 7, 'Kinopark 7 IMAX Keruen'), SYSTEM.GetColumnNumber(40, 7, 'Kinopark 7 IMAX Keruen'));
INSERT INTO Place VALUES (41, 7, 'Kinopark 7 IMAX Keruen', SYSTEM.GetRowNumber(41, 7, 'Kinopark 7 IMAX Keruen'), SYSTEM.GetColumnNumber(41, 7, 'Kinopark 7 IMAX Keruen'));
INSERT INTO Place VALUES (42, 7, 'Kinopark 7 IMAX Keruen', SYSTEM.GetRowNumber(42, 7, 'Kinopark 7 IMAX Keruen'), SYSTEM.GetColumnNumber(42, 7, 'Kinopark 7 IMAX Keruen'));
INSERT INTO Place VALUES (43, 7, 'Kinopark 7 IMAX Keruen', SYSTEM.GetRowNumber(43, 7, 'Kinopark 7 IMAX Keruen'), SYSTEM.GetColumnNumber(43, 7, 'Kinopark 7 IMAX Keruen'));
INSERT INTO Place VALUES (44, 7, 'Kinopark 7 IMAX Keruen', SYSTEM.GetRowNumber(44, 7, 'Kinopark 7 IMAX Keruen'), SYSTEM.GetColumnNumber(44, 7, 'Kinopark 7 IMAX Keruen'));
INSERT INTO Place VALUES (45, 7, 'Kinopark 7 IMAX Keruen', SYSTEM.GetRowNumber(45, 7, 'Kinopark 7 IMAX Keruen'), SYSTEM.GetColumnNumber(45, 7, 'Kinopark 7 IMAX Keruen'));
INSERT INTO Place VALUES (46, 7, 'Kinopark 7 IMAX Keruen', SYSTEM.GetRowNumber(46, 7, 'Kinopark 7 IMAX Keruen'), SYSTEM.GetColumnNumber(46, 7, 'Kinopark 7 IMAX Keruen'));
INSERT INTO Place VALUES (47, 7, 'Kinopark 7 IMAX Keruen', SYSTEM.GetRowNumber(47, 7, 'Kinopark 7 IMAX Keruen'), SYSTEM.GetColumnNumber(47, 7, 'Kinopark 7 IMAX Keruen'));
INSERT INTO Place VALUES (48, 7, 'Kinopark 7 IMAX Keruen', SYSTEM.GetRowNumber(48, 7, 'Kinopark 7 IMAX Keruen'), SYSTEM.GetColumnNumber(48, 7, 'Kinopark 7 IMAX Keruen'));
INSERT INTO Place VALUES (49, 7, 'Kinopark 7 IMAX Keruen', SYSTEM.GetRowNumber(49, 7, 'Kinopark 7 IMAX Keruen'), SYSTEM.GetColumnNumber(49, 7, 'Kinopark 7 IMAX Keruen'));
INSERT INTO Place VALUES (50, 7, 'Kinopark 7 IMAX Keruen', SYSTEM.GetRowNumber(50, 7, 'Kinopark 7 IMAX Keruen'), SYSTEM.GetColumnNumber(50, 7, 'Kinopark 7 IMAX Keruen'));
INSERT INTO Place VALUES (51, 7, 'Kinopark 7 IMAX Keruen', SYSTEM.GetRowNumber(51, 7, 'Kinopark 7 IMAX Keruen'), SYSTEM.GetColumnNumber(51, 7, 'Kinopark 7 IMAX Keruen'));
INSERT INTO Place VALUES (52, 7, 'Kinopark 7 IMAX Keruen', SYSTEM.GetRowNumber(52, 7, 'Kinopark 7 IMAX Keruen'), SYSTEM.GetColumnNumber(52, 7, 'Kinopark 7 IMAX Keruen'));
INSERT INTO Place VALUES (53, 7, 'Kinopark 7 IMAX Keruen', SYSTEM.GetRowNumber(53, 7, 'Kinopark 7 IMAX Keruen'), SYSTEM.GetColumnNumber(53, 7, 'Kinopark 7 IMAX Keruen'));
INSERT INTO Place VALUES (54, 7, 'Kinopark 7 IMAX Keruen', SYSTEM.GetRowNumber(54, 7, 'Kinopark 7 IMAX Keruen'), SYSTEM.GetColumnNumber(54, 7, 'Kinopark 7 IMAX Keruen'));
INSERT INTO Place VALUES (55, 7, 'Kinopark 7 IMAX Keruen', SYSTEM.GetRowNumber(55, 7, 'Kinopark 7 IMAX Keruen'), SYSTEM.GetColumnNumber(55, 7, 'Kinopark 7 IMAX Keruen'));
INSERT INTO Place VALUES (56, 7, 'Kinopark 7 IMAX Keruen', SYSTEM.GetRowNumber(56, 7, 'Kinopark 7 IMAX Keruen'), SYSTEM.GetColumnNumber(56, 7, 'Kinopark 7 IMAX Keruen'));
INSERT INTO Place VALUES (57, 7, 'Kinopark 7 IMAX Keruen', SYSTEM.GetRowNumber(57, 7, 'Kinopark 7 IMAX Keruen'), SYSTEM.GetColumnNumber(57, 7, 'Kinopark 7 IMAX Keruen'));
INSERT INTO Place VALUES (58, 7, 'Kinopark 7 IMAX Keruen', SYSTEM.GetRowNumber(58, 7, 'Kinopark 7 IMAX Keruen'), SYSTEM.GetColumnNumber(58, 7, 'Kinopark 7 IMAX Keruen'));
INSERT INTO Place VALUES (59, 7, 'Kinopark 7 IMAX Keruen', SYSTEM.GetRowNumber(59, 7, 'Kinopark 7 IMAX Keruen'), SYSTEM.GetColumnNumber(59, 7, 'Kinopark 7 IMAX Keruen'));
INSERT INTO Place VALUES (60, 7, 'Kinopark 7 IMAX Keruen', SYSTEM.GetRowNumber(60, 7, 'Kinopark 7 IMAX Keruen'), SYSTEM.GetColumnNumber(60, 7, 'Kinopark 7 IMAX Keruen'));
INSERT INTO Place VALUES (61, 7, 'Kinopark 7 IMAX Keruen', SYSTEM.GetRowNumber(61, 7, 'Kinopark 7 IMAX Keruen'), SYSTEM.GetColumnNumber(61, 7, 'Kinopark 7 IMAX Keruen'));
INSERT INTO Place VALUES (62, 7, 'Kinopark 7 IMAX Keruen', SYSTEM.GetRowNumber(62, 7, 'Kinopark 7 IMAX Keruen'), SYSTEM.GetColumnNumber(62, 7, 'Kinopark 7 IMAX Keruen'));
INSERT INTO Place VALUES (63, 7, 'Kinopark 7 IMAX Keruen', SYSTEM.GetRowNumber(63, 7, 'Kinopark 7 IMAX Keruen'), SYSTEM.GetColumnNumber(63, 7, 'Kinopark 7 IMAX Keruen'));
INSERT INTO Place VALUES (64, 7, 'Kinopark 7 IMAX Keruen', SYSTEM.GetRowNumber(64, 7, 'Kinopark 7 IMAX Keruen'), SYSTEM.GetColumnNumber(64, 7, 'Kinopark 7 IMAX Keruen'));

INSERT INTO Session_ VALUES (1, 'Kinopark 7 IMAX Keruen', 'Героическое расследование', '26-06-2018 0:0:00', '26-06-2018 1:51:00');
INSERT INTO Session_ VALUES (1, 'Kinopark 7 IMAX Keruen', 'Сумашедшее расследование', '26-06-2018 2:6:00', '26-06-2018 4:7:00');
INSERT INTO Session_ VALUES (1, 'Kinopark 7 IMAX Keruen', 'Сумашедшее расследование', '26-06-2018 4:22:00', '26-06-2018 6:23:00');
INSERT INTO Session_ VALUES (1, 'Kinopark 7 IMAX Keruen', 'Сумашедшее ранение', '26-06-2018 6:38:00', '26-06-2018 8:15:00');
INSERT INTO Session_ VALUES (1, 'Kinopark 7 IMAX Keruen', 'Сумашедшее ранение', '26-06-2018 8:30:00', '26-06-2018 10:7:00');
INSERT INTO Session_ VALUES (1, 'Kinopark 7 IMAX Keruen', 'Героическое расследование', '26-06-2018 10:22:00', '26-06-2018 12:13:00');
INSERT INTO Session_ VALUES (1, 'Kinopark 7 IMAX Keruen', 'Забытое письмо', '26-06-2018 12:28:00', '26-06-2018 15:11:00');
INSERT INTO Session_ VALUES (1, 'Kinopark 7 IMAX Keruen', 'Сумашедшее желание', '26-06-2018 15:26:00', '26-06-2018 17:1:00');
INSERT INTO Session_ VALUES (1, 'Kinopark 7 IMAX Keruen', 'Сумашедшее желание', '26-06-2018 17:16:00', '26-06-2018 18:51:00');
INSERT INTO Session_ VALUES (1, 'Kinopark 7 IMAX Keruen', 'Сумашедшее желание', '26-06-2018 19:6:00', '26-06-2018 20:41:00');
INSERT INTO Session_ VALUES (1, 'Kinopark 7 IMAX Keruen', 'Неуловимое знание', '26-06-2018 20:56:00', '26-06-2018 22:49:00');
INSERT INTO Session_ VALUES (2, 'Kinopark 7 IMAX Keruen', 'Сумашедшее желание', '26-06-2018 0:0:00', '26-06-2018 1:35:00');
INSERT INTO Session_ VALUES (2, 'Kinopark 7 IMAX Keruen', 'Забытое письмо', '26-06-2018 1:50:00', '26-06-2018 4:33:00');
INSERT INTO Session_ VALUES (2, 'Kinopark 7 IMAX Keruen', 'Сумашедшее ранение', '26-06-2018 4:48:00', '26-06-2018 6:25:00');
INSERT INTO Session_ VALUES (2, 'Kinopark 7 IMAX Keruen', 'Невообразимое событие', '26-06-2018 6:40:00', '26-06-2018 7:48:00');
INSERT INTO Session_ VALUES (2, 'Kinopark 7 IMAX Keruen', 'Сумашедшее расследование', '26-06-2018 8:3:00', '26-06-2018 10:4:00');
INSERT INTO Session_ VALUES (2, 'Kinopark 7 IMAX Keruen', 'Сумашедшее ранение', '26-06-2018 10:19:00', '26-06-2018 11:56:00');
INSERT INTO Session_ VALUES (2, 'Kinopark 7 IMAX Keruen', 'Забытое письмо', '26-06-2018 12:11:00', '26-06-2018 14:54:00');
INSERT INTO Session_ VALUES (2, 'Kinopark 7 IMAX Keruen', 'Невообразимое событие', '26-06-2018 15:9:00', '26-06-2018 16:17:00');
INSERT INTO Session_ VALUES (2, 'Kinopark 7 IMAX Keruen', 'Немыслимое письмо', '26-06-2018 16:32:00', '26-06-2018 18:6:00');
INSERT INTO Session_ VALUES (2, 'Kinopark 7 IMAX Keruen', 'Сумашедшее расследование', '26-06-2018 18:21:00', '26-06-2018 20:22:00');
INSERT INTO Session_ VALUES (2, 'Kinopark 7 IMAX Keruen', 'Сумашедшее знание', '26-06-2018 20:37:00', '26-06-2018 22:15:00');
INSERT INTO Session_ VALUES (3, 'Kinopark 7 IMAX Keruen', 'Сумашедшее расследование', '26-06-2018 0:0:00', '26-06-2018 2:1:00');
INSERT INTO Session_ VALUES (3, 'Kinopark 7 IMAX Keruen', 'Забытое письмо', '26-06-2018 2:16:00', '26-06-2018 4:59:00');
INSERT INTO Session_ VALUES (3, 'Kinopark 7 IMAX Keruen', 'Неуловимое знание', '26-06-2018 5:14:00', '26-06-2018 7:7:00');
INSERT INTO Session_ VALUES (3, 'Kinopark 7 IMAX Keruen', 'Забытое письмо', '26-06-2018 7:22:00', '26-06-2018 10:5:00');
INSERT INTO Session_ VALUES (3, 'Kinopark 7 IMAX Keruen', 'Сумашедшее знание', '26-06-2018 10:20:00', '26-06-2018 11:58:00');
INSERT INTO Session_ VALUES (3, 'Kinopark 7 IMAX Keruen', 'Сумашедшее расследование', '26-06-2018 12:13:00', '26-06-2018 14:14:00');
INSERT INTO Session_ VALUES (3, 'Kinopark 7 IMAX Keruen', 'Сумашедшее расследование', '26-06-2018 14:29:00', '26-06-2018 16:30:00');
INSERT INTO Session_ VALUES (3, 'Kinopark 7 IMAX Keruen', 'Невообразимое измерение', '26-06-2018 16:45:00', '26-06-2018 18:47:00');
INSERT INTO Session_ VALUES (3, 'Kinopark 7 IMAX Keruen', 'Сумашедшее ранение', '26-06-2018 19:2:00', '26-06-2018 20:39:00');
INSERT INTO Session_ VALUES (3, 'Kinopark 7 IMAX Keruen', 'Сумашедшее расследование', '26-06-2018 20:54:00', '26-06-2018 22:55:00');
INSERT INTO Session_ VALUES (4, 'Kinopark 7 IMAX Keruen', 'Сумашедшее расследование', '26-06-2018 0:0:00', '26-06-2018 2:1:00');
INSERT INTO Session_ VALUES (4, 'Kinopark 7 IMAX Keruen', 'Немыслимое письмо', '26-06-2018 2:16:00', '26-06-2018 3:50:00');
INSERT INTO Session_ VALUES (4, 'Kinopark 7 IMAX Keruen', 'Немыслимое письмо', '26-06-2018 4:5:00', '26-06-2018 5:39:00');
INSERT INTO Session_ VALUES (4, 'Kinopark 7 IMAX Keruen', 'Сумашедшее расследование', '26-06-2018 5:54:00', '26-06-2018 7:55:00');
INSERT INTO Session_ VALUES (4, 'Kinopark 7 IMAX Keruen', 'Сумашедшее расследование', '26-06-2018 8:10:00', '26-06-2018 10:11:00');
INSERT INTO Session_ VALUES (4, 'Kinopark 7 IMAX Keruen', 'Сумашедшее расследование', '26-06-2018 10:26:00', '26-06-2018 12:27:00');
INSERT INTO Session_ VALUES (4, 'Kinopark 7 IMAX Keruen', 'Невообразимое событие', '26-06-2018 12:42:00', '26-06-2018 13:50:00');
INSERT INTO Session_ VALUES (4, 'Kinopark 7 IMAX Keruen', 'Сумашедшее знание', '26-06-2018 14:5:00', '26-06-2018 15:43:00');
INSERT INTO Session_ VALUES (4, 'Kinopark 7 IMAX Keruen', 'Сумашедшее расследование', '26-06-2018 15:58:00', '26-06-2018 17:59:00');
INSERT INTO Session_ VALUES (4, 'Kinopark 7 IMAX Keruen', 'Невообразимое измерение', '26-06-2018 18:14:00', '26-06-2018 20:16:00');
INSERT INTO Session_ VALUES (4, 'Kinopark 7 IMAX Keruen', 'Сумашедшее ранение', '26-06-2018 20:31:00', '26-06-2018 22:8:00');
INSERT INTO Session_ VALUES (5, 'Kinopark 7 IMAX Keruen', 'Сумашедшее ранение', '26-06-2018 0:0:00', '26-06-2018 1:37:00');
INSERT INTO Session_ VALUES (5, 'Kinopark 7 IMAX Keruen', 'Сумашедшее желание', '26-06-2018 1:52:00', '26-06-2018 3:27:00');
INSERT INTO Session_ VALUES (5, 'Kinopark 7 IMAX Keruen', 'Героическое расследование', '26-06-2018 3:42:00', '26-06-2018 5:33:00');
INSERT INTO Session_ VALUES (5, 'Kinopark 7 IMAX Keruen', 'Немыслимое письмо', '26-06-2018 5:48:00', '26-06-2018 7:22:00');
INSERT INTO Session_ VALUES (5, 'Kinopark 7 IMAX Keruen', 'Сумашедшее знание', '26-06-2018 7:37:00', '26-06-2018 9:15:00');
INSERT INTO Session_ VALUES (5, 'Kinopark 7 IMAX Keruen', 'Сумашедшее ранение', '26-06-2018 9:30:00', '26-06-2018 11:7:00');
INSERT INTO Session_ VALUES (5, 'Kinopark 7 IMAX Keruen', 'Сумашедшее знание', '26-06-2018 11:22:00', '26-06-2018 13:0:00');
INSERT INTO Session_ VALUES (5, 'Kinopark 7 IMAX Keruen', 'Невообразимое событие', '26-06-2018 13:15:00', '26-06-2018 14:23:00');
INSERT INTO Session_ VALUES (5, 'Kinopark 7 IMAX Keruen', 'Невообразимое измерение', '26-06-2018 14:38:00', '26-06-2018 16:40:00');
INSERT INTO Session_ VALUES (5, 'Kinopark 7 IMAX Keruen', 'Немыслимое письмо', '26-06-2018 16:55:00', '26-06-2018 18:29:00');
INSERT INTO Session_ VALUES (5, 'Kinopark 7 IMAX Keruen', 'Героическое расследование', '26-06-2018 18:44:00', '26-06-2018 20:35:00');
INSERT INTO Session_ VALUES (5, 'Kinopark 7 IMAX Keruen', 'Сумашедшее расследование', '26-06-2018 20:50:00', '26-06-2018 22:51:00');
INSERT INTO Session_ VALUES (6, 'Kinopark 7 IMAX Keruen', 'Забытое письмо', '26-06-2018 0:0:00', '26-06-2018 2:43:00');
INSERT INTO Session_ VALUES (6, 'Kinopark 7 IMAX Keruen', 'Героическое расследование', '26-06-2018 2:58:00', '26-06-2018 4:49:00');
INSERT INTO Session_ VALUES (6, 'Kinopark 7 IMAX Keruen', 'Забытое письмо', '26-06-2018 5:4:00', '26-06-2018 7:47:00');
INSERT INTO Session_ VALUES (6, 'Kinopark 7 IMAX Keruen', 'Забытое письмо', '26-06-2018 8:2:00', '26-06-2018 10:45:00');
INSERT INTO Session_ VALUES (6, 'Kinopark 7 IMAX Keruen', 'Сумашедшее желание', '26-06-2018 11:0:00', '26-06-2018 12:35:00');
INSERT INTO Session_ VALUES (6, 'Kinopark 7 IMAX Keruen', 'Немыслимое письмо', '26-06-2018 12:50:00', '26-06-2018 14:24:00');
INSERT INTO Session_ VALUES (6, 'Kinopark 7 IMAX Keruen', 'Невообразимое измерение', '26-06-2018 14:39:00', '26-06-2018 16:41:00');
INSERT INTO Session_ VALUES (6, 'Kinopark 7 IMAX Keruen', 'Неуловимое знание', '26-06-2018 16:56:00', '26-06-2018 18:49:00');
INSERT INTO Session_ VALUES (6, 'Kinopark 7 IMAX Keruen', 'Немыслимое письмо', '26-06-2018 19:4:00', '26-06-2018 20:38:00');
INSERT INTO Session_ VALUES (6, 'Kinopark 7 IMAX Keruen', 'Невообразимое измерение', '26-06-2018 20:53:00', '26-06-2018 22:55:00');
INSERT INTO Session_ VALUES (7, 'Kinopark 7 IMAX Keruen', 'Сумашедшее знание', '26-06-2018 0:0:00', '26-06-2018 1:38:00');
INSERT INTO Session_ VALUES (7, 'Kinopark 7 IMAX Keruen', 'Невообразимое событие', '26-06-2018 1:53:00', '26-06-2018 3:1:00');
INSERT INTO Session_ VALUES (7, 'Kinopark 7 IMAX Keruen', 'Сумашедшее расследование', '26-06-2018 3:16:00', '26-06-2018 5:17:00');
INSERT INTO Session_ VALUES (7, 'Kinopark 7 IMAX Keruen', 'Героическое расследование', '26-06-2018 5:32:00', '26-06-2018 7:23:00');
INSERT INTO Session_ VALUES (7, 'Kinopark 7 IMAX Keruen', 'Немыслимое письмо', '26-06-2018 7:38:00', '26-06-2018 9:12:00');
INSERT INTO Session_ VALUES (7, 'Kinopark 7 IMAX Keruen', 'Сумашедшее знание', '26-06-2018 9:27:00', '26-06-2018 11:5:00');
INSERT INTO Session_ VALUES (7, 'Kinopark 7 IMAX Keruen', 'Сумашедшее расследование', '26-06-2018 11:20:00', '26-06-2018 13:21:00');
INSERT INTO Session_ VALUES (7, 'Kinopark 7 IMAX Keruen', 'Невообразимое событие', '26-06-2018 13:36:00', '26-06-2018 14:44:00');
INSERT INTO Session_ VALUES (7, 'Kinopark 7 IMAX Keruen', 'Сумашедшее ранение', '26-06-2018 14:59:00', '26-06-2018 16:36:00');
INSERT INTO Session_ VALUES (7, 'Kinopark 7 IMAX Keruen', 'Невообразимое событие', '26-06-2018 16:51:00', '26-06-2018 17:59:00');
INSERT INTO Session_ VALUES (7, 'Kinopark 7 IMAX Keruen', 'Героическое расследование', '26-06-2018 18:14:00', '26-06-2018 20:5:00');
INSERT INTO Session_ VALUES (7, 'Kinopark 7 IMAX Keruen', 'Забытое письмо', '26-06-2018 20:20:00', '26-06-2018 23:3:00');


INSERT INTO Order_ VALUES (1, 17, 4, 'Kinopark 7 IMAX Keruen', '26-06-2018 0:0:00', NULL, 1, 0, 'Сумашедшее расследование', SYSTEM.GetPrice('Kinopark 7 IMAX Keruen', 4, 17, '26-06-2018 0:0:00'));